﻿<?xml version="1.0" encoding="utf-8"?>
<KNX xmlns:xsi="http://www.w3.org/2001/XMLSchema-instance" xmlns:xsd="http://www.w3.org/2001/XMLSchema" CreatedBy="ETS5" ToolVersion="5.7.1428.39779" xmlns="http://knx.org/xml/project/20">
  <ManufacturerData>
    <Manufacturer RefId="M-0004">
      <Baggages>
        <Baggage TargetPath="" Name="Jung KRTS Plugin 1.0.2.0.msi" FileIntegrity="33476C8C" Id="M-0004_BG--Jung.20KRTS.20Plugin.201.2E0.2E2.2E0.2Emsi">
          <FileInfo Version="1.0.2.0" TimeInfo="2016-01-25T09:18:32Z" />
        </Baggage>
        <Baggage TargetPath="" Name="Jung KRTS Plugin 1.0.1.1.msi" FileIntegrity="D936B770" Id="M-0004_BG--Jung.20KRTS.20Plugin.201.2E0.2E1.2E1.2Emsi">
          <FileInfo Version="1.0.1.1" TimeInfo="2011-03-11T16:11:35Z" />
        </Baggage>
        <Baggage TargetPath="" Name="ApplUpdate.txt" Id="M-0004_BG--ApplUpdate.2Etxt">
          <FileInfo TimeInfo="2006-06-20T09:06:04Z" ReadOnly="true" />
        </Baggage>
        <Baggage TargetPath="" Name="ApplUpdate_2080_x2.txt" Id="M-0004_BG--ApplUpdate.5F2080.5Fx2.2Etxt">
          <FileInfo TimeInfo="2008-11-06T12:15:12Z" ReadOnly="true" />
        </Baggage>
        <Baggage TargetPath="KRMTSDF50" Name="TSymLi_Segm_a_b.png" Id="M-0004_BG-KRMTSDF50-TSymLi.5FSegm.5Fa.5Fb.2Epng" FileIntegrity="00000000">
          <FileInfo TimeInfo="2015-05-21T13:39:56.7335991Z" />
        </Baggage>
        <Baggage Id="M-0004_BG-KRMTSDF50-TSymLi.5FSegm.5Fc.5Fd.2Epng" Name="TSymLi_Segm_c_d.png" TargetPath="KRMTSDF50" FileIntegrity="00000000">
          <FileInfo TimeInfo="2015-05-21T13:39:56.757" />
        </Baggage>
        <Baggage Id="M-0004_BG-KRMTSDF50-TSymLi.5FSegm.5Fe.5Ff.2Epng" Name="TSymLi_Segm_e_f.png" TargetPath="KRMTSDF50" FileIntegrity="00000000">
          <FileInfo TimeInfo="2015-05-21T13:39:56.807" />
        </Baggage>
        <Baggage TargetPath="KRMTSDF50" Name="TSymLi_Segm_g_h_i.png" Id="M-0004_BG-KRMTSDF50-TSymLi.5FSegm.5Fg.5Fh.5Fi.2Epng" FileIntegrity="00000000">
          <FileInfo TimeInfo="2015-05-21T13:39:56.8335991Z" />
        </Baggage>
        <Baggage Id="M-0004_BG-KRMTSDF50-TSymRe.5FSegm.5Fa.5Fb.2Epng" Name="TSymRe_Segm_a_b.png" TargetPath="KRMTSDF50" FileIntegrity="00000000">
          <FileInfo TimeInfo="2015-05-21T16:09:48.757" />
        </Baggage>
        <Baggage TargetPath="KRMTSDF50" Name="TSymRe_Segm_c_d .png" Id="M-0004_BG-KRMTSDF50-TSymRe.5FSegm.5Fc.5Fd.20.2Epng" FileIntegrity="00000000">
          <FileInfo TimeInfo="2015-05-21T16:09:48.780818Z" />
        </Baggage>
        <Baggage Id="M-0004_BG-KRMTSDF50-TSymRe.5FSegm.5Fe.5Ff.2Epng" Name="TSymRe_Segm_e_f.png" TargetPath="KRMTSDF50" FileIntegrity="00000000">
          <FileInfo TimeInfo="2015-05-21T16:09:48.807" />
        </Baggage>
        <Baggage Id="M-0004_BG-KRMTSDF50-TSymRe.5FSegm.5Fg.5Fh.5Fi.2Epng" Name="TSymRe_Segm_g_h_i.png" TargetPath="KRMTSDF50" FileIntegrity="00000000">
          <FileInfo TimeInfo="2015-05-21T16:09:48.827" />
        </Baggage>
        <Baggage TargetPath="" Name="ETS_Konfig_1.jpg" Id="M-0004_BG--ETS.5FKonfig.5F1.2Ejpg" FileIntegrity="00000000">
          <FileInfo TimeInfo="2015-05-21T14:25:44.9812685Z" />
        </Baggage>
        <Baggage TargetPath="" Name="ETS_Konfig_2.jpg" Id="M-0004_BG--ETS.5FKonfig.5F2.2Ejpg" FileIntegrity="00000000">
          <FileInfo TimeInfo="2015-05-21T14:28:02.7946505Z" />
        </Baggage>
        <Baggage TargetPath="" Name="ETS_Konfig_3.jpg" Id="M-0004_BG--ETS.5FKonfig.5F3.2Ejpg" FileIntegrity="00000000">
          <FileInfo TimeInfo="2015-05-21T14:28:12.8259647Z" />
        </Baggage>
        <Baggage TargetPath="" Name="ETS_Konfig_4.jpg" Id="M-0004_BG--ETS.5FKonfig.5F4.2Ejpg" FileIntegrity="00000000">
          <FileInfo TimeInfo="2015-05-21T14:28:23.8729104Z" />
        </Baggage>
        <Baggage TargetPath="" Name="ETS_Konfig_5.jpg" Id="M-0004_BG--ETS.5FKonfig.5F5.2Ejpg" FileIntegrity="00000000">
          <FileInfo TimeInfo="2015-05-21T14:28:30.0760751Z" />
        </Baggage>
        <Baggage TargetPath="" Name="ETS_Kennlinie_1.jpg" Id="M-0004_BG--ETS.5FKennlinie.5F1.2Ejpg" FileIntegrity="00000000">
          <FileInfo TimeInfo="2015-11-05T12:55:53.4456018Z" />
        </Baggage>
        <Baggage TargetPath="" Name="ETS_Kennlinie_2.jpg" Id="M-0004_BG--ETS.5FKennlinie.5F2.2Ejpg" FileIntegrity="00000000">
          <FileInfo TimeInfo="2015-11-05T14:03:49.0393518Z" />
        </Baggage>
        <Baggage TargetPath="" Name="ETS_Kennlinie_3.jpg" Id="M-0004_BG--ETS.5FKennlinie.5F3.2Ejpg" FileIntegrity="00000000">
          <FileInfo TimeInfo="2015-11-05T14:03:18.6174768Z" />
        </Baggage>
        <Baggage TargetPath="" Name="ETS_Kennlinie_4.jpg" Id="M-0004_BG--ETS.5FKennlinie.5F4.2Ejpg" FileIntegrity="00000000">
          <FileInfo TimeInfo="2015-11-05T14:02:47.9143518Z" />
        </Baggage>
        <Baggage TargetPath="" Name="ETS_Kennlinie_5.jpg" Id="M-0004_BG--ETS.5FKennlinie.5F5.2Ejpg" FileIntegrity="00000000">
          <FileInfo TimeInfo="2015-11-05T14:02:17.0237268Z" />
        </Baggage>
        <Baggage TargetPath="" Name="ApplUpdate_2090_x6.txt" Id="M-0004_BG--ApplUpdate.5F2090.5Fx6.2Etxt">
          <FileInfo TimeInfo="2007-07-25T13:24:50Z" ReadOnly="true" />
        </Baggage>
        <Baggage Id="M-0004_BG--ApplUpdate.5F20A8.5Fx2.2Etxt" Name="ApplUpdate_20A8_x2.txt" TargetPath="" FileIntegrity="00000000">
          <FileInfo ReadOnly="1" TimeInfo="2008-11-06T12:15:36" />
        </Baggage>
        <Baggage Id="M-0004_BG--ApplUpdateE.5FB009.5Fx1.2Etxt" Name="ApplUpdateE_B009_x1.txt" TargetPath="" FileIntegrity="00000000">
          <FileInfo TimeInfo="2007-10-04T10:51:17" />
        </Baggage>
        <Baggage Id="M-0004_BG-info-b006x1.2Ehlp" Name="b006x1.hlp" TargetPath="info" FileIntegrity="00000000">
          <FileInfo TimeInfo="2007-09-24T09:12:52" />
        </Baggage>
      </Baggages>
    </Manufacturer>
  </ManufacturerData>
</KNX>