﻿<?xml version="1.0" encoding="utf-8"?>
<KNX xmlns:xsi="http://www.w3.org/2001/XMLSchema-instance" xmlns:xsd="http://www.w3.org/2001/XMLSchema" CreatedBy="ETS5" ToolVersion="5.7.1428.39779" xmlns="http://knx.org/xml/project/20">
  <ManufacturerData>
    <Manufacturer RefId="M-0004">
      <Catalog>
        <CatalogSection Id="M-0004_CS-PB" Name="Taster" Number="PB" DefaultLanguage="de-DE">
          <CatalogSection Id="M-0004_CS-PB-P0" Name="Bouton poussoir, généralité" Number="P0" VisibleDescription="" DefaultLanguage="fr-FR">
            <CatalogItem Id="M-0004_H-4.20.2F.2F.204093KRMTSD-1_HP-1471-12-DD5B-O00F4_CI-4093KRMTSD-4" Name="Régulateur module compact" Number="4" VisibleDescription="Régulateur module compact 147112" ProductRefId="M-0004_H-4.20.2F.2F.204093KRMTSD-1_P-4093KRMTSD" Hardware2ProgramRefId="M-0004_H-4.20.2F.2F.204093KRMTSD-1_HP-1471-12-DD5B-O00F4" DefaultLanguage="fr-FR" />
            <CatalogItem Id="M-0004_H-4.20.2F.2F.204093KRMTSD-1_HP-146A-12-9461-O00F4_CI-4093KRMTSD-4" Name="Régulateur module compact" Number="4" VisibleDescription="Régulateur module compact 146A12" ProductRefId="M-0004_H-4.20.2F.2F.204093KRMTSD-1_P-4093KRMTSD" Hardware2ProgramRefId="M-0004_H-4.20.2F.2F.204093KRMTSD-1_HP-146A-12-9461-O00F4" DefaultLanguage="fr-FR" />
          </CatalogSection>
          <CatalogSection Id="M-0004_CS-PB-PO" Name="Taster, allgemein" Number="PO" DefaultLanguage="de-DE">
            <CatalogItem Id="M-0004_H-4.20.2F.2F.205192KRMTSD-1-O00F4_HP-146D-A0-FA5A-O00F4_CI-5192KRMTSD-1" Name="Kompakt-Raumcontroller-Modul 2fach" Number="1" ProductRefId="M-0004_H-4.20.2F.2F.205192KRMTSD-1-O00F4_P-5192KRMTSD" Hardware2ProgramRefId="M-0004_H-4.20.2F.2F.205192KRMTSD-1-O00F4_HP-146D-A0-FA5A-O00F4" DefaultLanguage="de-DE" />
          </CatalogSection>
          <CatalogSection Id="M-0004_CS-PB-P1" Name="Poussoir, 1 voie" Number="P1" VisibleDescription="" DefaultLanguage="fr-FR" NonRegRelevantDataVersion="0">
            <CatalogItem Id="M-0004_H-4.20.2F.2F.202071.2E02LED-1-O0001_HP-1056-01-DDFA-O0001_CI-2071.2E02LED-1" Name="Taster BA - Mittenstellung, 1-fach" Number="1" ProductRefId="M-0004_H-4.20.2F.2F.202071.2E02LED-1-O0001_P-2071.2E02LED" Hardware2ProgramRefId="M-0004_H-4.20.2F.2F.202071.2E02LED-1-O0001_HP-1056-01-DDFA-O0001" DefaultLanguage="de-DE" NonRegRelevantDataVersion="0" />
          </CatalogSection>
          <CatalogSection Id="M-0004_CS-PB-P2" Name="Poussoir, 2 voies" Number="P2" VisibleDescription="" DefaultLanguage="fr-FR" NonRegRelevantDataVersion="0">
            <CatalogItem Id="M-0004_H-4.20.2F.2F.202072.2E02LED-1-O0001_HP-1058-01-00A2-O0001_CI-2072.2E02LED-1" Name="Taster BA - Mittenstellung, 2-fach" Number="1" ProductRefId="M-0004_H-4.20.2F.2F.202072.2E02LED-1-O0001_P-2072.2E02LED" Hardware2ProgramRefId="M-0004_H-4.20.2F.2F.202072.2E02LED-1-O0001_HP-1058-01-00A2-O0001" DefaultLanguage="de-DE" NonRegRelevantDataVersion="0" />
            <CatalogItem Id="M-0004_H-4.20.2F.2F.20xx72.2E02LED-2-O000A_HP-10FD-12-84A8-O000A_CI-4072.2E02LED-2" Name="Taster BA 2-fach, Mittenstellung" Number="2" VisibleDescription="Schalten, Dimmen, Jalousie, Wert, Szene 10FD12" ProductRefId="M-0004_H-4.20.2F.2F.20xx72.2E02LED-2-O000A_P-4072.2E02LED" Hardware2ProgramRefId="M-0004_H-4.20.2F.2F.20xx72.2E02LED-2-O000A_HP-10FD-12-84A8-O000A" DefaultLanguage="de-DE" NonRegRelevantDataVersion="0" />
          </CatalogSection>
          <CatalogSection Id="M-0004_CS-PB-P4" Name="Poussoir, 4 voies" Number="P4" VisibleDescription="" DefaultLanguage="fr-FR" NonRegRelevantDataVersion="0">
            <CatalogItem Id="M-0004_H-4.20.2F.2F.204194TSM-1_HP-10B4-13-AF5F-O000A_CI-4194TSM-1" Name="Tastsensor 4fach Universal TSM" Number="1" VisibleDescription="Universal TSM 10B413" ProductRefId="M-0004_H-4.20.2F.2F.204194TSM-1_P-4194TSM" Hardware2ProgramRefId="M-0004_H-4.20.2F.2F.204194TSM-1_HP-10B4-13-AF5F-O000A" DefaultLanguage="de-DE" NonRegRelevantDataVersion="0" />
          </CatalogSection>
        </CatalogSection>
        <CatalogSection Id="M-0004_CS-OU" Name="Ausgabe" Number="OU" VisibleDescription="" DefaultLanguage="fr-FR">
          <CatalogSection Id="M-0004_CS-OU-BA" Name="Sortie binaire, mixte" Number="BA" VisibleDescription="" DefaultLanguage="fr-FR">
            <CatalogItem Id="M-0004_H-4.20.2F.2F.202304.2E16REGHE-1-O000A_HP-20CA-11-358F-O000A_CI-2304.2E16REGHE-1" Name="Action. TOR 4 voies/action. volet-roulant 2 voies" Number="1" VisibleDescription="Commutation, store 20CA11" ProductRefId="M-0004_H-4.20.2F.2F.202304.2E16REGHE-1-O000A_P-2304.2E16REGHE" Hardware2ProgramRefId="M-0004_H-4.20.2F.2F.202304.2E16REGHE-1-O000A_HP-20CA-11-358F-O000A" DefaultLanguage="fr-FR" />
            <CatalogItem Id="M-0004_H-4.20.2F.2F.202308.2E16REGHE-1-O000A_HP-2080-12-8B43-O000A_CI-2308.2E16REGHE-1" Name="Action. TOR 8 voies/action. volet-roulant 4 voies" Number="1" VisibleDescription="Commutation, store 208012" ProductRefId="M-0004_H-4.20.2F.2F.202308.2E16REGHE-1-O000A_P-2308.2E16REGHE" Hardware2ProgramRefId="M-0004_H-4.20.2F.2F.202308.2E16REGHE-1-O000A_HP-2080-12-8B43-O000A" DefaultLanguage="fr-FR" />
          </CatalogSection>
          <CatalogSection Id="M-0004_CS-OU-B6" Name="Binary output, 6-gang" Number="B6" VisibleDescription="" DefaultLanguage="en-US">
            <CatalogItem Id="M-0004_H-4.20.2F.2F.202136REGHZ-1-O000A_HP-2067-01-2F2C-O000A_CI-2136REGHZ-2" Name="Heating actuator 6-gang REG" Number="2" VisibleDescription="Switching PWM 206701" ProductRefId="M-0004_H-4.20.2F.2F.202136REGHZ-1-O000A_P-2136REGHZ" Hardware2ProgramRefId="M-0004_H-4.20.2F.2F.202136REGHZ-1-O000A_HP-2067-01-2F2C-O000A" DefaultLanguage="en-US" />
          </CatalogSection>
          <CatalogSection Id="M-0004_CS-OU-B4" Name="Binärausgang, 4fach " Number="B4" VisibleDescription="" DefaultLanguage="fr-FR">
            <CatalogItem Id="M-0004_H-4.20.2F.2F.202134.2E16REG-1-O000A_HP-2062-01-8AE2-O000A_CI-2134.2E16REG-1" Name="Schaltaktor 4fach 16A REG" Number="1" ProductRefId="M-0004_H-4.20.2F.2F.202134.2E16REG-1-O000A_P-2134.2E16REG" Hardware2ProgramRefId="M-0004_H-4.20.2F.2F.202134.2E16REG-1-O000A_HP-2062-01-8AE2-O000A" DefaultLanguage="de-DE" NonRegRelevantDataVersion="0" />
            <CatalogItem Id="M-0004_H-4.20.2F.2F.202304.2E16REGHM-1-O000A_HP-2090-01-79C0-O000A_CI-2304.2E16REGHM-1" Name="Actionneur 4 sorties 16A modulaire' " Number="1" VisibleDescription="Commuter RM, VK, ZF 209001" ProductRefId="M-0004_H-4.20.2F.2F.202304.2E16REGHM-1-O000A_P-2304.2E16REGHM" Hardware2ProgramRefId="M-0004_H-4.20.2F.2F.202304.2E16REGHM-1-O000A_HP-2090-01-79C0-O000A" DefaultLanguage="fr-FR" />
          </CatalogSection>
          <CatalogSection Id="M-0004_CS-OU-A4" Name="analog output" Number="A4" VisibleDescription="" DefaultLanguage="en-US">
            <CatalogItem Id="M-0004_H-244.20.2F.2F.20135.2015.20600-1-O00F4_HP-B008-11-AE97-O00F4_CI-2204.2E01.20REG.20A-1" Name="4-channel analog output" Number="1" ProductRefId="M-0004_H-244.20.2F.2F.20135.2015.20600-1-O00F4_P-2204.2E01.20REG.20A" Hardware2ProgramRefId="M-0004_H-244.20.2F.2F.20135.2015.20600-1-O00F4_HP-B008-11-AE97-O00F4" DefaultLanguage="en-US" />
          </CatalogSection>
          <CatalogSection Id="M-0004_CS-OU-B8" Name="Binärausgang, 8fach" Number="B8" VisibleDescription="" DefaultLanguage="en-US" NonRegRelevantDataVersion="0">
            <CatalogItem Id="M-0004_H-4.20.2F.2F.202138.2E16CREG-1-O000A_HP-2060-01-732A-O000A_CI-2138.2E16CREG-1" Name="Schaltaktor 8fach 16A C-Last REG" Number="1" VisibleDescription="Schalten RM, VK, ZF 206001" ProductRefId="M-0004_H-4.20.2F.2F.202138.2E16CREG-1-O000A_P-2138.2E16CREG" Hardware2ProgramRefId="M-0004_H-4.20.2F.2F.202138.2E16CREG-1-O000A_HP-2060-01-732A-O000A" DefaultLanguage="de-DE" NonRegRelevantDataVersion="0" />
          </CatalogSection>
          <CatalogSection Id="M-0004_CS-OU-B2" Name="Binary output, 2-gang" Number="B2" VisibleDescription="" DefaultLanguage="en-US">
            <CatalogItem Id="M-0004_H-4.20.2F.2F.202302.2E16REGHM-1-O000A_HP-2090-16-AEEB-O000A_CI-2302.2E16REGHM-1" Name="2-gang switch actuator 16A SE" Number="1" VisibleDescription="Switching with ack., logic link, time func. 209016" ProductRefId="M-0004_H-4.20.2F.2F.202302.2E16REGHM-1-O000A_P-2302.2E16REGHM" Hardware2ProgramRefId="M-0004_H-4.20.2F.2F.202302.2E16REGHM-1-O000A_HP-2090-16-AEEB-O000A" DefaultLanguage="en-US" />
          </CatalogSection>
        </CatalogSection>
        <CatalogSection Id="M-0004_CS-IN" Name="Input" Number="IN" VisibleDescription="" DefaultLanguage="en-US" NonRegRelevantDataVersion="0">
          <CatalogSection Id="M-0004_CS-IN-B4" Name="Binary Input, 4-gang" Number="B4" VisibleDescription="" DefaultLanguage="en-US" NonRegRelevantDataVersion="0">
            <CatalogItem Id="M-0004_H-4.20.2F.2F.202114REG-2_HP-7055-02-5C97-O000A_CI-2114REG.2E-1" Name="Binäreingang 4fach REG" Number="1" VisibleDescription="Universal Eingang 705502" ProductRefId="M-0004_H-4.20.2F.2F.202114REG-2_P-2114REG.2E" Hardware2ProgramRefId="M-0004_H-4.20.2F.2F.202114REG-2_HP-7055-02-5C97-O000A" DefaultLanguage="de-DE" NonRegRelevantDataVersion="0" />
          </CatalogSection>
          <CatalogSection Id="M-0004_CS-IN-B8" Name="Binary Input, 8-gang" Number="B8" VisibleDescription="" DefaultLanguage="en-US">
            <CatalogItem Id="M-0004_H-4.20.2F.2F.202118REG-1-O000A_HP-7054-02-4115-O000A_CI-2118REG-1" Name="Binary Input, 8-gang REG" Number="1" VisibleDescription="Universal Input 705402" ProductRefId="M-0004_H-4.20.2F.2F.202118REG-1-O000A_P-2118REG" Hardware2ProgramRefId="M-0004_H-4.20.2F.2F.202118REG-1-O000A_HP-7054-02-4115-O000A" DefaultLanguage="en-US" />
          </CatalogSection>
        </CatalogSection>
        <CatalogSection Id="M-0004_CS-SH" Name="Shutter" Number="SH" VisibleDescription="" DefaultLanguage="en-US">
          <CatalogSection Id="M-0004_CS-SH-SH" Name="Shutter" Number="SH" VisibleDescription="" DefaultLanguage="en-US">
            <CatalogItem Id="M-0004_H-4.20.2F.2F.202204REGH-1-O000A_HP-2069-01-C8FE-O000A_CI-2204REGH-1" Name="shutter/blind actuator 4-gang 230V hand REG" Number="1" VisibleDescription="Shutter / blind 206901" ProductRefId="M-0004_H-4.20.2F.2F.202204REGH-1-O000A_P-2204REGH" Hardware2ProgramRefId="M-0004_H-4.20.2F.2F.202204REGH-1-O000A_HP-2069-01-C8FE-O000A" DefaultLanguage="en-US" />
            <CatalogItem Id="M-0004_H-4.20.2F.2F.202224REGH-1-O000A_HP-2069-01-C8FE-O000A_CI-2224REGH-1" Name="shutter/blind actuator 4-gang 24VDC hand REG" Number="1" VisibleDescription="Shutter / blind 206901" ProductRefId="M-0004_H-4.20.2F.2F.202224REGH-1-O000A_P-2224REGH" Hardware2ProgramRefId="M-0004_H-4.20.2F.2F.202224REGH-1-O000A_HP-2069-01-C8FE-O000A" DefaultLanguage="en-US" />
            <CatalogItem Id="M-0004_H-4.20.2F.2F.202504REGHE-1-O000A_HP-20A8-12-EFDA-O000A_CI-2504REGHE-1" Name="Shutter/blind 20A812" Number="1" VisibleDescription="Shutter/blind 20A812" ProductRefId="M-0004_H-4.20.2F.2F.202504REGHE-1-O000A_P-2504REGHE" Hardware2ProgramRefId="M-0004_H-4.20.2F.2F.202504REGHE-1-O000A_HP-20A8-12-EFDA-O000A" DefaultLanguage="en-US" />
          </CatalogSection>
        </CatalogSection>
        <CatalogSection Id="M-0004_CS-1" Name="System devices" Number="1" DefaultLanguage="en-US">
          <CatalogItem Id="M-0004_H-14h-1-O00A6_HP-0016-10-EBD7-O00A6_CI-IPS300SREG-1" Name="KNX IP Interface" Number="1" VisibleDescription="KNX IP Interface" ProductRefId="M-0004_H-14h-1-O00A6_P-IPS300SREG" Hardware2ProgramRefId="M-0004_H-14h-1-O00A6_HP-0016-10-EBD7-O00A6" DefaultLanguage="en-US" />
        </CatalogSection>
        <CatalogSection Id="M-0004_CS-SY" Name="Participant système" Number="SY" VisibleDescription="" DefaultLanguage="fr-FR">
          <CatalogSection Id="M-0004_CS-SY-LC" Name="Coupleur de lignes" Number="LC" VisibleDescription="" DefaultLanguage="fr-FR">
            <CatalogItem Id="M-0004_H-4.20.2F.2F.202141REG-1-O0001_HP-900A-01-3F54-O0001_CI-2141REG-1" Name="Backbone/line coupler SE" Number="1" VisibleDescription="Coupler 900A01" ProductRefId="M-0004_H-4.20.2F.2F.202141REG-1-O0001_P-2141REG" Hardware2ProgramRefId="M-0004_H-4.20.2F.2F.202141REG-1-O0001_HP-900A-01-3F54-O0001" DefaultLanguage="en-GB" />
            <CatalogItem Id="M-0004_H-4.20.2F.2F.202142REG-1-O000A_HP-9010-11-ECA3-O000A_CI-2142REG-1" Name="Coupleur de lignes / réseaux" Number="1" VisibleDescription="Coupleur/amplificateur 901011" ProductRefId="M-0004_H-4.20.2F.2F.202142REG-1-O000A_P-2142REG" Hardware2ProgramRefId="M-0004_H-4.20.2F.2F.202142REG-1-O000A_HP-9010-11-ECA3-O000A" DefaultLanguage="fr-FR" />
          </CatalogSection>
        </CatalogSection>
        <CatalogSection Id="M-0004_CS-IL" Name="Beleuchtung" Number="IL" VisibleDescription="" DefaultLanguage="de-DE" NonRegRelevantDataVersion="0">
          <CatalogSection Id="M-0004_CS-IL-DM" Name="Dimmer" Number="DM" VisibleDescription="" DefaultLanguage="de-DE" NonRegRelevantDataVersion="0">
            <CatalogItem Id="M-0004_H-4.20.2F.2F.203602REG-1-O000A_HP-3015-01-21AD-O000A_CI-3602REG-1" Name="Télévariateur Universel, 2 sorties, Modulaire" Number="1" VisibleDescription="Varier 301501" ProductRefId="M-0004_H-4.20.2F.2F.203602REG-1-O000A_P-3602REG" Hardware2ProgramRefId="M-0004_H-4.20.2F.2F.203602REG-1-O000A_HP-3015-01-21AD-O000A" DefaultLanguage="fr-FR" NonRegRelevantDataVersion="0" />
            <CatalogItem Id="M-0004_H-4.20.2F.2F.202194REGHM-0-O000A_HP-3029-11-78C1-O000A_CI-2194REGHM-1" Name="Steuereinheit 1 - 10 V REG" Number="1" ProductRefId="M-0004_H-4.20.2F.2F.202194REGHM-0-O000A_P-2194REGHM" Hardware2ProgramRefId="M-0004_H-4.20.2F.2F.202194REGHM-0-O000A_HP-3029-11-78C1-O000A" DefaultLanguage="de-DE" />
            <CatalogItem Id="M-0004_H-4.20.2F.2F.203901REGHE-1-O000A_HP-3026-13-052D-O000A_CI-3901REGHE-1" Name="Universal-Dimmaktor / Drehzahlsteller 1fach" Number="1" VisibleDescription="Dimmen 302613" ProductRefId="M-0004_H-4.20.2F.2F.203901REGHE-1-O000A_P-3901REGHE" Hardware2ProgramRefId="M-0004_H-4.20.2F.2F.203901REGHE-1-O000A_HP-3026-13-052D-O000A" DefaultLanguage="de-DE" NonRegRelevantDataVersion="0" />
            <CatalogItem Id="M-0004_H-4.20.2F.2F.203904REGHE-1-O000A_HP-3020-13-131D-O000A_CI-3904REGHE-1" Name="Actionneur télévariateur universel 4 voies" Number="1" VisibleDescription="Variation 302013" ProductRefId="M-0004_H-4.20.2F.2F.203904REGHE-1-O000A_P-3904REGHE" Hardware2ProgramRefId="M-0004_H-4.20.2F.2F.203904REGHE-1-O000A_HP-3020-13-131D-O000A" DefaultLanguage="fr-FR" />
            <CatalogItem Id="M-0004_H-4.20.2F.2F.203902REGHE-1-O000A_HP-3023-13-91D0-O000A_CI-3902REGHE-1" Name="Universal-Dimmaktor 2fach" Number="1" VisibleDescription="Dimmen 302313" ProductRefId="M-0004_H-4.20.2F.2F.203902REGHE-1-O000A_P-3902REGHE" Hardware2ProgramRefId="M-0004_H-4.20.2F.2F.203902REGHE-1-O000A_HP-3023-13-91D0-O000A" DefaultLanguage="de-DE" NonRegRelevantDataVersion="0" />
          </CatalogSection>
        </CatalogSection>
        <CatalogSection Id="M-0004_CS-PS" Name="Capteur physique" Number="PS" VisibleDescription="" DefaultLanguage="fr-FR">
          <CatalogSection Id="M-0004_CS-PS-R1" Name="Détecteur" Number="R1" VisibleDescription="" DefaultLanguage="fr-FR">
            <CatalogItem Id="M-0004_H-4.20.2F.2F.203360.2D1-1-O000A_HP-A00F-01-4C98-O000A_CI-3360.2D1-1" Name="Presence detector 'Universal'" Number="1" VisibleDescription="Presence Universal A00F01" ProductRefId="M-0004_H-4.20.2F.2F.203360.2D1-1-O000A_P-3360.2D1" Hardware2ProgramRefId="M-0004_H-4.20.2F.2F.203360.2D1-1-O000A_HP-A00F-01-4C98-O000A" DefaultLanguage="en-US" />
            <CatalogItem Id="M-0004_H-4.20.2F.2F.203280.2D1A-1-O000A_HP-A008-02-0650-O000A_CI-3280.2D1A-1" Name="Automatic switch 180° universal 2,20 m" Number="1" VisibleDescription="PIR comfort A00802" ProductRefId="M-0004_H-4.20.2F.2F.203280.2D1A-1-O000A_P-3280.2D1A" Hardware2ProgramRefId="M-0004_H-4.20.2F.2F.203280.2D1A-1-O000A_HP-A008-02-0650-O000A" DefaultLanguage="en-US" />
            <CatalogItem Id="M-0004_H-4.20.2F.2F.203361.2D1MWW-1-O000A_HP-A011-13-400D-O000A_CI-3361.2D1MWW-1" Name="Präsenzmelder Mini Universal" Number="1" VisibleDescription="Präsenzmelder Universal A01113" ProductRefId="M-0004_H-4.20.2F.2F.203361.2D1MWW-1-O000A_P-3361.2D1MWW" Hardware2ProgramRefId="M-0004_H-4.20.2F.2F.203361.2D1MWW-1-O000A_HP-A011-13-400D-O000A" DefaultLanguage="de-DE" />
            <CatalogItem Id="M-0004_H-4.20.2F.2F.203361.2D1-1-O000A_HP-A011-12-2EF9-O000A_CI-3361.2D1-1" Name="Optique détecteur 360° plafonnier Universel" Number="1" VisibleDescription="Détecteur de présence Universel A01112" ProductRefId="M-0004_H-4.20.2F.2F.203361.2D1-1-O000A_P-3361.2D1" Hardware2ProgramRefId="M-0004_H-4.20.2F.2F.203361.2D1-1-O000A_HP-A011-12-2EF9-O000A" DefaultLanguage="fr-FR" />
          </CatalogSection>
          <CatalogSection Id="M-0004_CS-PS-WS" Name="Weather station" Number="WS" VisibleDescription="" DefaultLanguage="en-US" NonRegRelevantDataVersion="0">
            <CatalogItem Id="M-0004_H-2224.20WH-4-O00F4_HP-B009-11-C094-O00F4_CI-2224.20WH-1" Name="Wetterstation Home" Number="1" ProductRefId="M-0004_H-2224.20WH-4-O00F4_P-2224.20WH" Hardware2ProgramRefId="M-0004_H-2224.20WH-4-O00F4_HP-B009-11-C094-O00F4" DefaultLanguage="en-US" NonRegRelevantDataVersion="0" />
          </CatalogSection>
        </CatalogSection>
        <CatalogSection Id="M-0004_CS-HE" Name="Heizung, Klima, Lüftung" Number="HE" DefaultLanguage="de-DE">
          <CatalogSection Id="M-0004_CS-HE-VE" Name="Ventile" Number="VE" DefaultLanguage="de-DE">
            <CatalogItem Id="M-0004_H-4.20.2F.2F.202336REGHZHE-0-O000A_HP-20D0-11-3729-O000A_CI-2336REGHZHE-1" Name="Heizungsaktor 6fach" Number="1" VisibleDescription="Heizungsaktor 6fach 20D011" ProductRefId="M-0004_H-4.20.2F.2F.202336REGHZHE-0-O000A_P-2336REGHZHE" Hardware2ProgramRefId="M-0004_H-4.20.2F.2F.202336REGHZHE-0-O000A_HP-20D0-11-3729-O000A" DefaultLanguage="de-DE" NonRegRelevantDataVersion="0" />
          </CatalogSection>
        </CatalogSection>
      </Catalog>
      <Languages>
        <Language Identifier="fr-FR">
          <TranslationUnit RefId="M-0004_CS-PB">
            <TranslationElement RefId="M-0004_CS-PB">
              <Translation AttributeName="Name" Text="Bouton-poussoir" />
            </TranslationElement>
          </TranslationUnit>
          <TranslationUnit RefId="M-0004_CS-PB-P0">
            <TranslationElement RefId="M-0004_CS-PB-P0">
              <Translation AttributeName="Name" Text="Bouton poussoir, généralité" />
            </TranslationElement>
          </TranslationUnit>
          <TranslationUnit RefId="M-0004_H-4.20.2F.2F.204093KRMTSD-1_HP-1471-12-DD5B-O00F4_CI-4093KRMTSD-4">
            <TranslationElement RefId="M-0004_H-4.20.2F.2F.204093KRMTSD-1_HP-1471-12-DD5B-O00F4_CI-4093KRMTSD-4">
              <Translation AttributeName="Name" Text="Régulateur module compact" />
              <Translation AttributeName="VisibleDescription" Text="Régulateur module compact 147112" />
            </TranslationElement>
          </TranslationUnit>
          <TranslationUnit RefId="M-0004_CS-OU">
            <TranslationElement RefId="M-0004_CS-OU">
              <Translation AttributeName="Name" Text="Sortie" />
            </TranslationElement>
          </TranslationUnit>
          <TranslationUnit RefId="M-0004_CS-OU-BA">
            <TranslationElement RefId="M-0004_CS-OU-BA">
              <Translation AttributeName="Name" Text="Sortie binaire, mixte" />
            </TranslationElement>
          </TranslationUnit>
          <TranslationUnit RefId="M-0004_H-4.20.2F.2F.202304.2E16REGHE-1-O000A_HP-20CA-11-358F-O000A_CI-2304.2E16REGHE-1">
            <TranslationElement RefId="M-0004_H-4.20.2F.2F.202304.2E16REGHE-1-O000A_HP-20CA-11-358F-O000A_CI-2304.2E16REGHE-1">
              <Translation AttributeName="Name" Text="Action. TOR 4 voies/action. volet-roulant 2 voies" />
              <Translation AttributeName="VisibleDescription" Text="Commutation, store 20CA11" />
            </TranslationElement>
          </TranslationUnit>
          <TranslationUnit RefId="M-0004_CS-OU-B6">
            <TranslationElement RefId="M-0004_CS-OU-B6">
              <Translation AttributeName="Name" Text="Sortie binaire, 6 voies" />
            </TranslationElement>
          </TranslationUnit>
          <TranslationUnit RefId="M-0004_CS-IN">
            <TranslationElement RefId="M-0004_CS-IN">
              <Translation AttributeName="Name" Text="Entrée" />
            </TranslationElement>
          </TranslationUnit>
          <TranslationUnit RefId="M-0004_CS-IN-B4">
            <TranslationElement RefId="M-0004_CS-IN-B4">
              <Translation AttributeName="Name" Text="Entrée binaire, 4 voies" />
            </TranslationElement>
          </TranslationUnit>
          <TranslationUnit RefId="M-0004_H-4.20.2F.2F.202114REG-2_HP-7055-02-5C97-O000A_CI-2114REG.2E-1">
            <TranslationElement RefId="M-0004_H-4.20.2F.2F.202114REG-2_HP-7055-02-5C97-O000A_CI-2114REG.2E-1">
              <Translation AttributeName="Name" Text="Entrée binaire, 4 voies, Modulaire" />
              <Translation AttributeName="VisibleDescription" Text="Entrée binaire universel 705502" />
            </TranslationElement>
          </TranslationUnit>
          <TranslationUnit RefId="M-0004_H-4.20.2F.2F.204093KRMTSD-1_HP-146A-12-9461-O00F4_CI-4093KRMTSD-4">
            <TranslationElement RefId="M-0004_H-4.20.2F.2F.204093KRMTSD-1_HP-146A-12-9461-O00F4_CI-4093KRMTSD-4">
              <Translation AttributeName="Name" Text="Régulateur module compact" />
              <Translation AttributeName="VisibleDescription" Text="Régulateur module compact 146A12" />
            </TranslationElement>
          </TranslationUnit>
          <TranslationUnit RefId="M-0004_H-4.20.2F.2F.202308.2E16REGHE-1-O000A_HP-2080-12-8B43-O000A_CI-2308.2E16REGHE-1">
            <TranslationElement RefId="M-0004_H-4.20.2F.2F.202308.2E16REGHE-1-O000A_HP-2080-12-8B43-O000A_CI-2308.2E16REGHE-1">
              <Translation AttributeName="Name" Text="Action. TOR 8 voies/action. volet-roulant 4 voies" />
              <Translation AttributeName="VisibleDescription" Text="Commutation, store 208012" />
            </TranslationElement>
          </TranslationUnit>
          <TranslationUnit RefId="M-0004_CS-OU-B4">
            <TranslationElement RefId="M-0004_CS-OU-B4">
              <Translation AttributeName="Name" Text="Sortie binaire, 4 voies" />
            </TranslationElement>
          </TranslationUnit>
          <TranslationUnit RefId="M-0004_H-4.20.2F.2F.202134.2E16REG-1-O000A_HP-2062-01-8AE2-O000A_CI-2134.2E16REG-1">
            <TranslationElement RefId="M-0004_H-4.20.2F.2F.202134.2E16REG-1-O000A_HP-2062-01-8AE2-O000A_CI-2134.2E16REG-1">
              <Translation AttributeName="Name" Text="Actionneur 4 voies 16A Mod." />
            </TranslationElement>
          </TranslationUnit>
          <TranslationUnit RefId="M-0004_CS-PB-PO">
            <TranslationElement RefId="M-0004_CS-PB-PO">
              <Translation AttributeName="Name" Text="Bouton-poussoir, général" />
            </TranslationElement>
          </TranslationUnit>
          <TranslationUnit RefId="M-0004_H-4.20.2F.2F.205192KRMTSD-1-O00F4_HP-146D-A0-FA5A-O00F4_CI-5192KRMTSD-1">
            <TranslationElement RefId="M-0004_H-4.20.2F.2F.205192KRMTSD-1-O00F4_HP-146D-A0-FA5A-O00F4_CI-5192KRMTSD-1">
              <Translation AttributeName="Name" Text="Régulateur RCD module compact 2 voies" />
            </TranslationElement>
          </TranslationUnit>
          <TranslationUnit RefId="M-0004_CS-PB-P1">
            <TranslationElement RefId="M-0004_CS-PB-P1">
              <Translation AttributeName="Name" Text="Poussoir, 1 voie" />
            </TranslationElement>
          </TranslationUnit>
          <TranslationUnit RefId="M-0004_H-4.20.2F.2F.202071.2E02LED-1-O0001_HP-1056-01-DDFA-O0001_CI-2071.2E02LED-1">
            <TranslationElement RefId="M-0004_H-4.20.2F.2F.202071.2E02LED-1-O0001_HP-1056-01-DDFA-O0001_CI-2071.2E02LED-1">
              <Translation AttributeName="Name" Text="BP - BCU position milieu, 1 voie" />
            </TranslationElement>
          </TranslationUnit>
          <TranslationUnit RefId="M-0004_CS-PB-P2">
            <TranslationElement RefId="M-0004_CS-PB-P2">
              <Translation AttributeName="Name" Text="Poussoir, 2 voies" />
            </TranslationElement>
          </TranslationUnit>
          <TranslationUnit RefId="M-0004_H-4.20.2F.2F.202072.2E02LED-1-O0001_HP-1058-01-00A2-O0001_CI-2072.2E02LED-1">
            <TranslationElement RefId="M-0004_H-4.20.2F.2F.202072.2E02LED-1-O0001_HP-1058-01-00A2-O0001_CI-2072.2E02LED-1">
              <Translation AttributeName="Name" Text="BP BCU, position milieu, 2 voies" />
            </TranslationElement>
          </TranslationUnit>
          <TranslationUnit RefId="M-0004_CS-SH">
            <TranslationElement RefId="M-0004_CS-SH">
              <Translation AttributeName="Name" Text="Store" />
            </TranslationElement>
          </TranslationUnit>
          <TranslationUnit RefId="M-0004_CS-SH-SH">
            <TranslationElement RefId="M-0004_CS-SH-SH">
              <Translation AttributeName="Name" Text="Store" />
            </TranslationElement>
          </TranslationUnit>
          <TranslationUnit RefId="M-0004_CS-1">
            <TranslationElement RefId="M-0004_CS-1">
              <Translation AttributeName="Name" Text="Appareils système" />
            </TranslationElement>
          </TranslationUnit>
          <TranslationUnit RefId="M-0004_H-14h-1-O00A6_HP-0016-10-EBD7-O00A6_CI-IPS300SREG-1">
            <TranslationElement RefId="M-0004_H-14h-1-O00A6_HP-0016-10-EBD7-O00A6_CI-IPS300SREG-1">
              <Translation AttributeName="Name" Text="KNX IP Interface" />
              <Translation AttributeName="VisibleDescription" Text="KNX IP Interface" />
            </TranslationElement>
          </TranslationUnit>
          <TranslationUnit RefId="M-0004_CS-SY">
            <TranslationElement RefId="M-0004_CS-SY">
              <Translation AttributeName="Name" Text="Participant système" />
            </TranslationElement>
          </TranslationUnit>
          <TranslationUnit RefId="M-0004_CS-SY-LC">
            <TranslationElement RefId="M-0004_CS-SY-LC">
              <Translation AttributeName="Name" Text="Coupleur de lignes" />
            </TranslationElement>
          </TranslationUnit>
          <TranslationUnit RefId="M-0004_CS-IL">
            <TranslationElement RefId="M-0004_CS-IL">
              <Translation AttributeName="Name" Text="Eclairage" />
            </TranslationElement>
          </TranslationUnit>
          <TranslationUnit RefId="M-0004_CS-IL-DM">
            <TranslationElement RefId="M-0004_CS-IL-DM">
              <Translation AttributeName="Name" Text="Variateur" />
            </TranslationElement>
          </TranslationUnit>
          <TranslationUnit RefId="M-0004_H-4.20.2F.2F.203602REG-1-O000A_HP-3015-01-21AD-O000A_CI-3602REG-1">
            <TranslationElement RefId="M-0004_H-4.20.2F.2F.203602REG-1-O000A_HP-3015-01-21AD-O000A_CI-3602REG-1">
              <Translation AttributeName="Name" Text="Télévariateur Universel, 2 sorties, Modulaire" />
              <Translation AttributeName="VisibleDescription" Text="Varier 301501" />
            </TranslationElement>
          </TranslationUnit>
          <TranslationUnit RefId="M-0004_CS-OU-B8">
            <TranslationElement RefId="M-0004_CS-OU-B8">
              <Translation AttributeName="Name" Text="Sortie binaire, 8 voies" />
            </TranslationElement>
          </TranslationUnit>
          <TranslationUnit RefId="M-0004_H-4.20.2F.2F.202194REGHM-0-O000A_HP-3029-11-78C1-O000A_CI-2194REGHM-1">
            <TranslationElement RefId="M-0004_H-4.20.2F.2F.202194REGHM-0-O000A_HP-3029-11-78C1-O000A_CI-2194REGHM-1">
              <Translation AttributeName="Name" Text="Actionneur télévariateur 1-10 V" />
            </TranslationElement>
          </TranslationUnit>
          <TranslationUnit RefId="M-0004_CS-PS">
            <TranslationElement RefId="M-0004_CS-PS">
              <Translation AttributeName="Name" Text="Capteur physique" />
            </TranslationElement>
          </TranslationUnit>
          <TranslationUnit RefId="M-0004_CS-PS-R1">
            <TranslationElement RefId="M-0004_CS-PS-R1">
              <Translation AttributeName="Name" Text="Détecteur" />
            </TranslationElement>
          </TranslationUnit>
          <TranslationUnit RefId="M-0004_CS-IN-B8">
            <TranslationElement RefId="M-0004_CS-IN-B8">
              <Translation AttributeName="Name" Text="Entrée binaire, 8 voies" />
            </TranslationElement>
          </TranslationUnit>
          <TranslationUnit RefId="M-0004_H-4.20.2F.2F.202142REG-1-O000A_HP-9010-11-ECA3-O000A_CI-2142REG-1">
            <TranslationElement RefId="M-0004_H-4.20.2F.2F.202142REG-1-O000A_HP-9010-11-ECA3-O000A_CI-2142REG-1">
              <Translation AttributeName="Name" Text="Coupleur de lignes / réseaux" />
              <Translation AttributeName="VisibleDescription" Text="Coupleur/amplificateur 901011" />
            </TranslationElement>
          </TranslationUnit>
          <TranslationUnit RefId="M-0004_H-4.20.2F.2F.203361.2D1MWW-1-O000A_HP-A011-13-400D-O000A_CI-3361.2D1MWW-1">
            <TranslationElement RefId="M-0004_H-4.20.2F.2F.203361.2D1MWW-1-O000A_HP-A011-13-400D-O000A_CI-3361.2D1MWW-1">
              <Translation AttributeName="Name" Text="Optique détecteur 360° plafonnier Universel" />
              <Translation AttributeName="VisibleDescription" Text="Détecteur de présence Universel A01113" />
            </TranslationElement>
          </TranslationUnit>
          <TranslationUnit RefId="M-0004_H-4.20.2F.2F.203901REGHE-1-O000A_HP-3026-13-052D-O000A_CI-3901REGHE-1">
            <TranslationElement RefId="M-0004_H-4.20.2F.2F.203901REGHE-1-O000A_HP-3026-13-052D-O000A_CI-3901REGHE-1">
              <Translation AttributeName="Name" Text="Actionneur télévariateur universel 1 voie" />
              <Translation AttributeName="VisibleDescription" Text="Variation 302613" />
            </TranslationElement>
          </TranslationUnit>
          <TranslationUnit RefId="M-0004_H-4.20.2F.2F.203904REGHE-1-O000A_HP-3020-13-131D-O000A_CI-3904REGHE-1">
            <TranslationElement RefId="M-0004_H-4.20.2F.2F.203904REGHE-1-O000A_HP-3020-13-131D-O000A_CI-3904REGHE-1">
              <Translation AttributeName="Name" Text="Actionneur télévariateur universel 4 voies" />
              <Translation AttributeName="VisibleDescription" Text="Variation 302013" />
            </TranslationElement>
          </TranslationUnit>
          <TranslationUnit RefId="M-0004_H-4.20.2F.2F.20xx72.2E02LED-2-O000A_HP-10FD-12-84A8-O000A_CI-4072.2E02LED-2">
            <TranslationElement RefId="M-0004_H-4.20.2F.2F.20xx72.2E02LED-2-O000A_HP-10FD-12-84A8-O000A_CI-4072.2E02LED-2">
              <Translation AttributeName="Name" Text="Bouton poussoir BCU, 2 voies, position milieu" />
              <Translation AttributeName="VisibleDescription" Text="Commut., variat., store, valeur, scène 10FD12" />
            </TranslationElement>
          </TranslationUnit>
          <TranslationUnit RefId="M-0004_H-4.20.2F.2F.202304.2E16REGHM-1-O000A_HP-2090-01-79C0-O000A_CI-2304.2E16REGHM-1">
            <TranslationElement RefId="M-0004_H-4.20.2F.2F.202304.2E16REGHM-1-O000A_HP-2090-01-79C0-O000A_CI-2304.2E16REGHM-1">
              <Translation AttributeName="Name" Text="Actionneur 4 sorties 16A modulaire' " />
              <Translation AttributeName="VisibleDescription" Text="Commuter RM, VK, ZF 209001" />
            </TranslationElement>
          </TranslationUnit>
          <TranslationUnit RefId="M-0004_CS-HE">
            <TranslationElement RefId="M-0004_CS-HE">
              <Translation AttributeName="Name" Text="Chauffage, climatisation, ventilation" />
            </TranslationElement>
          </TranslationUnit>
          <TranslationUnit RefId="M-0004_CS-HE-VE">
            <TranslationElement RefId="M-0004_CS-HE-VE">
              <Translation AttributeName="Name" Text="Vanne" />
            </TranslationElement>
          </TranslationUnit>
          <TranslationUnit RefId="M-0004_H-4.20.2F.2F.202336REGHZHE-0-O000A_HP-20D0-11-3729-O000A_CI-2336REGHZHE-1">
            <TranslationElement RefId="M-0004_H-4.20.2F.2F.202336REGHZHE-0-O000A_HP-20D0-11-3729-O000A_CI-2336REGHZHE-1">
              <Translation AttributeName="Name" Text="Actionneur chauffage 6 sorties" />
              <Translation AttributeName="VisibleDescription" Text="Actionneur de chauffage sextuple" />
            </TranslationElement>
          </TranslationUnit>
          <TranslationUnit RefId="M-0004_CS-PB-P4">
            <TranslationElement RefId="M-0004_CS-PB-P4">
              <Translation AttributeName="Name" Text="Poussoir, 4 voies" />
            </TranslationElement>
          </TranslationUnit>
          <TranslationUnit RefId="M-0004_H-4.20.2F.2F.204194TSM-1_HP-10B4-13-AF5F-O000A_CI-4194TSM-1">
            <TranslationElement RefId="M-0004_H-4.20.2F.2F.204194TSM-1_HP-10B4-13-AF5F-O000A_CI-4194TSM-1">
              <Translation AttributeName="Name" Text="Platine de cde Multifonction, 4voies" />
              <Translation AttributeName="VisibleDescription" Text="Universal TSM 10B413" />
            </TranslationElement>
          </TranslationUnit>
          <TranslationUnit RefId="M-0004_H-4.20.2F.2F.203361.2D1-1-O000A_HP-A011-12-2EF9-O000A_CI-3361.2D1-1">
            <TranslationElement RefId="M-0004_H-4.20.2F.2F.203361.2D1-1-O000A_HP-A011-12-2EF9-O000A_CI-3361.2D1-1">
              <Translation AttributeName="Name" Text="Optique détecteur 360° plafonnier Universel" />
              <Translation AttributeName="VisibleDescription" Text="Détecteur de présence Universel A01112" />
            </TranslationElement>
          </TranslationUnit>
          <TranslationUnit RefId="M-0004_H-4.20.2F.2F.203902REGHE-1-O000A_HP-3023-13-91D0-O000A_CI-3902REGHE-1">
            <TranslationElement RefId="M-0004_H-4.20.2F.2F.203902REGHE-1-O000A_HP-3023-13-91D0-O000A_CI-3902REGHE-1">
              <Translation AttributeName="Name" Text="Actionneur télévariateur universel 2 voies" />
              <Translation AttributeName="VisibleDescription" Text="Variation 302313" />
            </TranslationElement>
          </TranslationUnit>
          <TranslationUnit RefId="M-0004_CS-PS-WS">
            <TranslationElement RefId="M-0004_CS-PS-WS">
              <Translation AttributeName="Name" Text="Station météorologique" />
            </TranslationElement>
          </TranslationUnit>
        </Language>
        <Language Identifier="de-DE">
          <TranslationUnit RefId="M-0004_CS-IN">
            <TranslationElement RefId="M-0004_CS-IN">
              <Translation AttributeName="Name" Text="Eingabe" />
            </TranslationElement>
          </TranslationUnit>
          <TranslationUnit RefId="M-0004_CS-IN-B4">
            <TranslationElement RefId="M-0004_CS-IN-B4">
              <Translation AttributeName="Name" Text="Binäreingang, 4fach" />
            </TranslationElement>
          </TranslationUnit>
          <TranslationUnit RefId="M-0004_CS-PS">
            <TranslationElement RefId="M-0004_CS-PS">
              <Translation AttributeName="Name" Text="Phys.Sensoren" />
            </TranslationElement>
          </TranslationUnit>
          <TranslationUnit RefId="M-0004_CS-PS-WS">
            <TranslationElement RefId="M-0004_CS-PS-WS">
              <Translation AttributeName="Name" Text="Wetterstation" />
            </TranslationElement>
          </TranslationUnit>
        </Language>
        <Language Identifier="en-US">
          <TranslationUnit RefId="M-0004_CS-IN">
            <TranslationElement RefId="M-0004_CS-IN">
              <Translation AttributeName="Name" Text="Input" />
            </TranslationElement>
          </TranslationUnit>
          <TranslationUnit RefId="M-0004_CS-SY">
            <TranslationElement RefId="M-0004_CS-SY">
              <Translation AttributeName="Name" Text="System components" />
            </TranslationElement>
          </TranslationUnit>
          <TranslationUnit RefId="M-0004_CS-SY-LC">
            <TranslationElement RefId="M-0004_CS-SY-LC">
              <Translation AttributeName="Name" Text="Line coupler" />
            </TranslationElement>
          </TranslationUnit>
          <TranslationUnit RefId="M-0004_CS-OU">
            <TranslationElement RefId="M-0004_CS-OU">
              <Translation AttributeName="Name" Text="Output" />
            </TranslationElement>
          </TranslationUnit>
          <TranslationUnit RefId="M-0004_CS-PS">
            <TranslationElement RefId="M-0004_CS-PS">
              <Translation AttributeName="Name" Text="Heating, A/C, ventilation" />
            </TranslationElement>
          </TranslationUnit>
          <TranslationUnit RefId="M-0004_CS-PS-R1">
            <TranslationElement RefId="M-0004_CS-PS-R1">
              <Translation AttributeName="Name" Text="Movement" />
            </TranslationElement>
          </TranslationUnit>
          <TranslationUnit RefId="M-0004_H-4.20.2F.2F.203280.2D1A-1-O000A_HP-A008-02-0650-O000A_CI-3280.2D1A-1">
            <TranslationElement RefId="M-0004_H-4.20.2F.2F.203280.2D1A-1-O000A_HP-A008-02-0650-O000A_CI-3280.2D1A-1">
              <Translation AttributeName="Name" Text="Automatic switch 180° universal 2,20 m" />
              <Translation AttributeName="VisibleDescription" Text="PIR comfort A00802" />
            </TranslationElement>
          </TranslationUnit>
          <TranslationUnit RefId="M-0004_CS-OU-B2">
            <TranslationElement RefId="M-0004_CS-OU-B2">
              <Translation AttributeName="Name" Text="Binary output, 2-gang" />
            </TranslationElement>
          </TranslationUnit>
          <TranslationUnit RefId="M-0004_H-4.20.2F.2F.202302.2E16REGHM-1-O000A_HP-2090-16-AEEB-O000A_CI-2302.2E16REGHM-1">
            <TranslationElement RefId="M-0004_H-4.20.2F.2F.202302.2E16REGHM-1-O000A_HP-2090-16-AEEB-O000A_CI-2302.2E16REGHM-1">
              <Translation AttributeName="Name" Text="2-gang switch actuator 16A SE" />
              <Translation AttributeName="VisibleDescription" Text="Switching with ack., logic link, time func. 209016" />
            </TranslationElement>
          </TranslationUnit>
          <TranslationUnit RefId="M-0004_CS-SH">
            <TranslationElement RefId="M-0004_CS-SH">
              <Translation AttributeName="Name" Text="Shutter" />
            </TranslationElement>
          </TranslationUnit>
          <TranslationUnit RefId="M-0004_CS-SH-SH">
            <TranslationElement RefId="M-0004_CS-SH-SH">
              <Translation AttributeName="Name" Text="Shutter" />
            </TranslationElement>
          </TranslationUnit>
          <TranslationUnit RefId="M-0004_H-4.20.2F.2F.202504REGHE-1-O000A_HP-20A8-12-EFDA-O000A_CI-2504REGHE-1">
            <TranslationElement RefId="M-0004_H-4.20.2F.2F.202504REGHE-1-O000A_HP-20A8-12-EFDA-O000A_CI-2504REGHE-1">
              <Translation AttributeName="Name" Text="Shutter/blind 20A812" />
              <Translation AttributeName="VisibleDescription" Text="Shutter/blind 20A812" />
            </TranslationElement>
          </TranslationUnit>
          <TranslationUnit RefId="M-0004_CS-PS-WS">
            <TranslationElement RefId="M-0004_CS-PS-WS">
              <Translation AttributeName="Name" Text="Weather station" />
            </TranslationElement>
          </TranslationUnit>
          <TranslationUnit RefId="M-0004_H-2224.20WH-4-O00F4_HP-B009-11-C094-O00F4_CI-2224.20WH-1">
            <TranslationElement RefId="M-0004_H-2224.20WH-4-O00F4_HP-B009-11-C094-O00F4_CI-2224.20WH-1">
              <Translation AttributeName="Name" Text="Wetterstation Home" />
            </TranslationElement>
          </TranslationUnit>
        </Language>
        <Language Identifier="en-GB">
          <TranslationUnit RefId="M-0004_CS-OU">
            <TranslationElement RefId="M-0004_CS-OU">
              <Translation AttributeName="Name" Text="Output" />
            </TranslationElement>
          </TranslationUnit>
          <TranslationUnit RefId="M-0004_CS-PS">
            <TranslationElement RefId="M-0004_CS-PS">
              <Translation AttributeName="Name" Text="Phys. Sensors" />
            </TranslationElement>
          </TranslationUnit>
          <TranslationUnit RefId="M-0004_CS-PS-R1">
            <TranslationElement RefId="M-0004_CS-PS-R1">
              <Translation AttributeName="Name" Text="Movement detector" />
            </TranslationElement>
          </TranslationUnit>
          <TranslationUnit RefId="M-0004_H-4.20.2F.2F.203360.2D1-1-O000A_HP-A00F-01-4C98-O000A_CI-3360.2D1-1">
            <TranslationElement RefId="M-0004_H-4.20.2F.2F.203360.2D1-1-O000A_HP-A00F-01-4C98-O000A_CI-3360.2D1-1">
              <Translation AttributeName="Name" Text="Presence detector 'Universal'" />
              <Translation AttributeName="VisibleDescription" Text="Presence Universal A00F01" />
            </TranslationElement>
          </TranslationUnit>
          <TranslationUnit RefId="M-0004_CS-SH">
            <TranslationElement RefId="M-0004_CS-SH">
              <Translation AttributeName="Name" Text="Shutter" />
            </TranslationElement>
          </TranslationUnit>
          <TranslationUnit RefId="M-0004_CS-SH-SH">
            <TranslationElement RefId="M-0004_CS-SH-SH">
              <Translation AttributeName="Name" Text="Shutter" />
            </TranslationElement>
          </TranslationUnit>
        </Language>
        <Language Identifier="de">
          <TranslationUnit RefId="M-0004_CS-PS">
            <TranslationElement RefId="M-0004_CS-PS">
              <Translation AttributeName="Name" Text="Phys. Sensoren" />
            </TranslationElement>
          </TranslationUnit>
          <TranslationUnit RefId="M-0004_CS-PS-R1">
            <TranslationElement RefId="M-0004_CS-PS-R1">
              <Translation AttributeName="Name" Text="Bewegungsmelder" />
            </TranslationElement>
          </TranslationUnit>
          <TranslationUnit RefId="M-0004_H-4.20.2F.2F.203361.2D1-1-O000A_HP-A011-12-2EF9-O000A_CI-3361.2D1-1">
            <TranslationElement RefId="M-0004_H-4.20.2F.2F.203361.2D1-1-O000A_HP-A011-12-2EF9-O000A_CI-3361.2D1-1">
              <Translation AttributeName="Name" Text="Präsenzmelder / Deckenwächter Universal" />
              <Translation AttributeName="VisibleDescription" Text="Präsenzmelder Universal A01112" />
            </TranslationElement>
          </TranslationUnit>
        </Language>
        <Language Identifier="es-ES">
          <TranslationUnit RefId="M-0004_CS-PS">
            <TranslationElement RefId="M-0004_CS-PS">
              <Translation AttributeName="Name" Text="Climatizatión" />
            </TranslationElement>
          </TranslationUnit>
          <TranslationUnit RefId="M-0004_CS-PS-WS">
            <TranslationElement RefId="M-0004_CS-PS-WS">
              <Translation AttributeName="Name" Text="Estación meteorológica" />
            </TranslationElement>
          </TranslationUnit>
        </Language>
        <Language Identifier="it-IT">
          <TranslationUnit RefId="M-0004_CS-PS">
            <TranslationElement RefId="M-0004_CS-PS">
              <Translation AttributeName="Name" Text="sensori fisici" />
            </TranslationElement>
          </TranslationUnit>
          <TranslationUnit RefId="M-0004_CS-PS-WS">
            <TranslationElement RefId="M-0004_CS-PS-WS">
              <Translation AttributeName="Name" Text="Meteo" />
            </TranslationElement>
          </TranslationUnit>
        </Language>
        <Language Identifier="nb-NO">
          <TranslationUnit RefId="M-0004_CS-PS">
            <TranslationElement RefId="M-0004_CS-PS">
              <Translation AttributeName="Name" Text="Fys. sensorer" />
            </TranslationElement>
          </TranslationUnit>
          <TranslationUnit RefId="M-0004_CS-PS-WS">
            <TranslationElement RefId="M-0004_CS-PS-WS">
              <Translation AttributeName="Name" Text="Værstasjon" />
            </TranslationElement>
          </TranslationUnit>
        </Language>
        <Language Identifier="nl-NL">
          <TranslationUnit RefId="M-0004_CS-PS">
            <TranslationElement RefId="M-0004_CS-PS">
              <Translation AttributeName="Name" Text="Fys. sensoren" />
            </TranslationElement>
          </TranslationUnit>
          <TranslationUnit RefId="M-0004_CS-PS-WS">
            <TranslationElement RefId="M-0004_CS-PS-WS">
              <Translation AttributeName="Name" Text="Weerstation" />
            </TranslationElement>
          </TranslationUnit>
        </Language>
        <Language Identifier="ru-RU">
          <TranslationUnit RefId="M-0004_CS-PS">
            <TranslationElement RefId="M-0004_CS-PS">
              <Translation AttributeName="Name" Text="Физ. датчики" />
            </TranslationElement>
          </TranslationUnit>
          <TranslationUnit RefId="M-0004_CS-PS-WS">
            <TranslationElement RefId="M-0004_CS-PS-WS">
              <Translation AttributeName="Name" Text="Метеостанция" />
            </TranslationElement>
          </TranslationUnit>
        </Language>
      </Languages>
    </Manufacturer>
  </ManufacturerData>
</KNX>