﻿<?xml version="1.0" encoding="utf-8"?>
<KNX xmlns:xsi="http://www.w3.org/2001/XMLSchema-instance" xmlns:xsd="http://www.w3.org/2001/XMLSchema" CreatedBy="ETS5" ToolVersion="5.7.1428.39779" xmlns="http://knx.org/xml/project/20">
  <ManufacturerData>
    <Manufacturer RefId="M-0004">
      <ApplicationPrograms>
        <ApplicationProgram Id="M-0004_A-9010-11-ECA3-O000A" ApplicationNumber="36880" ApplicationVersion="17" ProgramType="ApplicationProgram" MaskVersion="MV-0912" Name="Coupleur/amplificateur 901011" LoadProcedureStyle="MergedProcedure" PeiType="0" DefaultLanguage="fr-FR" DynamicTableManagement="false" Linkable="false" MinEtsVersion="4.0" OriginalManufacturer="M-000A" CreatedFromLegacySchemaVersion="true" Hash="7EGvB4TC7Nyw3pEbGCmmow==">
          <Static>
            <Code />
            <ParameterTypes>
              <ParameterType Id="M-0004_A-9010-11-ECA3-O000A_PT-GroupHandling" Name="GroupHandling">
                <TypeRestriction Base="Value" SizeInBit="2">
                  <Enumeration Text="transférer sans filtre" Value="1" Id="M-0004_A-9010-11-ECA3-O000A_PT-GroupHandling_EN-1" />
                  <Enumeration Text="blocage" Value="2" Id="M-0004_A-9010-11-ECA3-O000A_PT-GroupHandling_EN-2" />
                  <Enumeration Text="filtrer" Value="3" Id="M-0004_A-9010-11-ECA3-O000A_PT-GroupHandling_EN-3" />
                </TypeRestriction>
              </ParameterType>
              <ParameterType Id="M-0004_A-9010-11-ECA3-O000A_PT-Yes.5FNo" Name="Yes_No">
                <TypeRestriction Base="Value" SizeInBit="1">
                  <Enumeration Text="non" Value="0" Id="M-0004_A-9010-11-ECA3-O000A_PT-Yes.5FNo_EN-0" />
                  <Enumeration Text="oui" Value="1" Id="M-0004_A-9010-11-ECA3-O000A_PT-Yes.5FNo_EN-1" />
                </TypeRestriction>
              </ParameterType>
              <ParameterType Id="M-0004_A-9010-11-ECA3-O000A_PT-Acknowledge.5FGroup" Name="Acknowledge_Group">
                <TypeRestriction Base="Value" SizeInBit="1">
                  <Enumeration Text="toujours" Value="0" Id="M-0004_A-9010-11-ECA3-O000A_PT-Acknowledge.5FGroup_EN-0" />
                  <Enumeration Text="uniquement en cas de transfert" Value="1" Id="M-0004_A-9010-11-ECA3-O000A_PT-Acknowledge.5FGroup_EN-1" />
                </TypeRestriction>
              </ParameterType>
              <ParameterType Id="M-0004_A-9010-11-ECA3-O000A_PT-Acknowledge.5FPhy" Name="Acknowledge_Phy">
                <TypeRestriction Base="Value" SizeInBit="2">
                  <Enumeration Text="toujours" Value="2" Id="M-0004_A-9010-11-ECA3-O000A_PT-Acknowledge.5FPhy_EN-2" />
                  <Enumeration Text="uniquement en cas de transfert" Value="1" Id="M-0004_A-9010-11-ECA3-O000A_PT-Acknowledge.5FPhy_EN-1" />
                  <Enumeration Text="toujours refuser (NACK) !" Value="3" Id="M-0004_A-9010-11-ECA3-O000A_PT-Acknowledge.5FPhy_EN-3" />
                </TypeRestriction>
              </ParameterType>
              <ParameterType Id="M-0004_A-9010-11-ECA3-O000A_PT-Acknowledge.5FPhy.5F2" Name="Acknowledge_Phy_2">
                <TypeRestriction Base="Value" SizeInBit="2">
                  <Enumeration Text="toujours" Value="2" Id="M-0004_A-9010-11-ECA3-O000A_PT-Acknowledge.5FPhy.5F2_EN-2" />
                  <Enumeration Text="uniquement en cas de transfert" Value="1" Id="M-0004_A-9010-11-ECA3-O000A_PT-Acknowledge.5FPhy.5F2_EN-1" />
                </TypeRestriction>
              </ParameterType>
              <ParameterType Id="M-0004_A-9010-11-ECA3-O000A_PT-PhyHandling" Name="PhyHandling">
                <TypeRestriction Base="Value" SizeInBit="2">
                  <Enumeration Text="transférer sans filtre" Value="1" Id="M-0004_A-9010-11-ECA3-O000A_PT-PhyHandling_EN-1" />
                  <Enumeration Text="blocage" Value="2" Id="M-0004_A-9010-11-ECA3-O000A_PT-PhyHandling_EN-2" />
                  <Enumeration Text="filtrer (en fonction de l'adresse cible &amp; de l'adresse du coupleur)" Value="3" Id="M-0004_A-9010-11-ECA3-O000A_PT-PhyHandling_EN-3" />
                </TypeRestriction>
              </ParameterType>
              <ParameterType Id="M-0004_A-9010-11-ECA3-O000A_PT-BroadcastHandling" Name="BroadcastHandling">
                <TypeRestriction Base="Value" SizeInBit="1">
                  <Enumeration Text="transférer sans filtre" Value="0" Id="M-0004_A-9010-11-ECA3-O000A_PT-BroadcastHandling_EN-0" />
                  <Enumeration Text="blocage" Value="1" Id="M-0004_A-9010-11-ECA3-O000A_PT-BroadcastHandling_EN-1" />
                </TypeRestriction>
              </ParameterType>
              <ParameterType Id="M-0004_A-9010-11-ECA3-O000A_PT-Enable.5FDisable" Name="Enable_Disable">
                <TypeRestriction Base="Value" SizeInBit="1">
                  <Enumeration Text="autoriser" Value="1" Id="M-0004_A-9010-11-ECA3-O000A_PT-Enable.5FDisable_EN-1" />
                  <Enumeration Text="verrouillé" Value="0" Id="M-0004_A-9010-11-ECA3-O000A_PT-Enable.5FDisable_EN-0" />
                </TypeRestriction>
              </ParameterType>
              <ParameterType Id="M-0004_A-9010-11-ECA3-O000A_PT-LTEHandling" Name="LTEHandling">
                <TypeRestriction Base="Value" SizeInBit="2">
                  <Enumeration Text="toujours transférer" Value="1" Id="M-0004_A-9010-11-ECA3-O000A_PT-LTEHandling_EN-1" />
                  <Enumeration Text="blocage" Value="2" Id="M-0004_A-9010-11-ECA3-O000A_PT-LTEHandling_EN-2" />
                  <Enumeration Text="filtrer (LTE routing table)" Value="3" Id="M-0004_A-9010-11-ECA3-O000A_PT-LTEHandling_EN-3" />
                </TypeRestriction>
              </ParameterType>
              <ParameterType Id="M-0004_A-9010-11-ECA3-O000A_PT-Funktion" Name="Funktion">
                <TypeRestriction Base="Value" SizeInBit="1">
                  <Enumeration Text="Coupleur de zones / lignes" Value="0" Id="M-0004_A-9010-11-ECA3-O000A_PT-Funktion_EN-0" />
                  <Enumeration Text="Amplificateur" Value="1" Id="M-0004_A-9010-11-ECA3-O000A_PT-Funktion_EN-1" />
                </TypeRestriction>
              </ParameterType>
            </ParameterTypes>
            <Parameters>
              <Parameter Id="M-0004_A-9010-11-ECA3-O000A_P-1" Name="MAIN_LCGRPCONFIG_GROUP_6FFF" ParameterType="M-0004_A-9010-11-ECA3-O000A_PT-GroupHandling" Text="   Télégrammes de groupes&#xD;&#xA;   Groupes 0-13" SuffixText="" Value="3">
                <Property ObjectType="6" PropertyId="54" Offset="0" BitOffset="6" />
              </Parameter>
              <Parameter Id="M-0004_A-9010-11-ECA3-O000A_P-2" Name="MAIN_LCGRPCONFIG_GROUP_7000" ParameterType="M-0004_A-9010-11-ECA3-O000A_PT-GroupHandling" Text="   Télégrammes de groupes&#xD;&#xA;   Groupes 14-31" SuffixText="" Value="1">
                <Property ObjectType="6" PropertyId="54" Offset="0" BitOffset="4" />
              </Parameter>
              <Parameter Id="M-0004_A-9010-11-ECA3-O000A_P-3" Name="MAIN_LCGRPCONFIG_GROUP_REPEAT" ParameterType="M-0004_A-9010-11-ECA3-O000A_PT-Yes.5FNo" Text="   pour les télégrammes de groupes&#xD;&#xA;   sur la ligne supérieure" SuffixText="" Value="1">
                <Property ObjectType="6" PropertyId="54" Offset="0" BitOffset="3" />
              </Parameter>
              <Parameter Id="M-0004_A-9010-11-ECA3-O000A_P-4" Name="SUB_LCGRPCONFIG_GROUP_REPEAT" ParameterType="M-0004_A-9010-11-ECA3-O000A_PT-Yes.5FNo" Text="   pour les télégrammes de groupes&#xD;&#xA;   sur la ligne inférieure" SuffixText="" Value="1">
                <Property ObjectType="6" PropertyId="55" Offset="0" BitOffset="3" />
              </Parameter>
              <Parameter Id="M-0004_A-9010-11-ECA3-O000A_P-5" Name="SUB_LCGRPCONFIG_GROUP_7000" ParameterType="M-0004_A-9010-11-ECA3-O000A_PT-GroupHandling" Text="   Télégrammes de groupes&#xD;&#xA;   Groupes 14-31" SuffixText="" Value="1">
                <Property ObjectType="6" PropertyId="55" Offset="0" BitOffset="4" />
              </Parameter>
              <Parameter Id="M-0004_A-9010-11-ECA3-O000A_P-6" Name="SUB_LCGRPCONFIG_GROUP_6FFF" ParameterType="M-0004_A-9010-11-ECA3-O000A_PT-GroupHandling" Text="   Télégrammes de groupes&#xD;&#xA;   Groupes 0-13" SuffixText="" Value="3">
                <Property ObjectType="6" PropertyId="55" Offset="0" BitOffset="6" />
              </Parameter>
              <Parameter Id="M-0004_A-9010-11-ECA3-O000A_P-7" Name="MAIN_LCCONFIG_BROADCAST_REPEAT" ParameterType="M-0004_A-9010-11-ECA3-O000A_PT-Yes.5FNo" Text="   pour les télégrammes Broadcast&#xD;&#xA;   sur la ligne supérieure" SuffixText="" Value="1">
                <Property ObjectType="6" PropertyId="52" Offset="0" BitOffset="3" />
              </Parameter>
              <Parameter Id="M-0004_A-9010-11-ECA3-O000A_P-8" Name="MAIN_LCCONFIG_PHYS_REPEAT" ParameterType="M-0004_A-9010-11-ECA3-O000A_PT-Yes.5FNo" Text="   pour les télégrammes adressés physiquement&#xD;&#xA;   sur la ligne supérieure" SuffixText="" Value="1">
                <Property ObjectType="6" PropertyId="52" Offset="0" BitOffset="5" />
              </Parameter>
              <Parameter Id="M-0004_A-9010-11-ECA3-O000A_P-10" Name="SUB_LCCONFIG_BROADCAST_REPEAT" ParameterType="M-0004_A-9010-11-ECA3-O000A_PT-Yes.5FNo" Text="   pour les télégrammes Broadcast&#xD;&#xA;   sur la ligne inférieure" SuffixText="" Value="1">
                <Property ObjectType="6" PropertyId="53" Offset="0" BitOffset="3" />
              </Parameter>
              <Parameter Id="M-0004_A-9010-11-ECA3-O000A_P-9" Name="SUB_LCCONFIG_PHYS_REPEAT" ParameterType="M-0004_A-9010-11-ECA3-O000A_PT-Yes.5FNo" Text="   pour les télégrammes adressés physiquement&#xD;&#xA;   sur la ligne inférieure" SuffixText="" Value="1">
                <Property ObjectType="6" PropertyId="53" Offset="0" BitOffset="5" />
              </Parameter>
              <Parameter Id="M-0004_A-9010-11-ECA3-O000A_P-11" Name="MAIN_LCCONFIG_GROUP_ACK" ParameterType="M-0004_A-9010-11-ECA3-O000A_PT-Acknowledge.5FGroup" Text="   Télégrammes de groupes" SuffixText="" Value="1">
                <Property ObjectType="6" PropertyId="52" Offset="0" BitOffset="2" />
              </Parameter>
              <Parameter Id="M-0004_A-9010-11-ECA3-O000A_P-12" Name="MAIN_LCCONFIG_PHY_ACK" ParameterType="M-0004_A-9010-11-ECA3-O000A_PT-Acknowledge.5FPhy" Text="   Télégrammes adressés physiquement" SuffixText="" Value="1">
                <Property ObjectType="6" PropertyId="52" Offset="0" BitOffset="0" />
              </Parameter>
              <Parameter Id="M-0004_A-9010-11-ECA3-O000A_P-14" Name="SUB_LCCONFIG_GROUP_ACK" ParameterType="M-0004_A-9010-11-ECA3-O000A_PT-Acknowledge.5FGroup" Text="   Télégrammes de groupes" SuffixText="" Value="1">
                <Property ObjectType="6" PropertyId="53" Offset="0" BitOffset="2" />
              </Parameter>
              <Parameter Id="M-0004_A-9010-11-ECA3-O000A_P-16" Name="MAIN_LCCONFIG_PHY" ParameterType="M-0004_A-9010-11-ECA3-O000A_PT-PhyHandling" Text="   Télégrammes adressé(s)&#xD;&#xA;   physiquement" SuffixText="" Value="3">
                <Property ObjectType="6" PropertyId="52" Offset="0" BitOffset="6" />
              </Parameter>
              <Parameter Id="M-0004_A-9010-11-ECA3-O000A_P-15" Name="SUB_LCCONFIG_PHY" ParameterType="M-0004_A-9010-11-ECA3-O000A_PT-PhyHandling" Text="   Télégrammes adressé(s)&#xD;&#xA;   physiquement" SuffixText="" Value="3">
                <Property ObjectType="6" PropertyId="53" Offset="0" BitOffset="6" />
              </Parameter>
              <Parameter Id="M-0004_A-9010-11-ECA3-O000A_P-17" Name="MAIN_LCCONFIG_BROADCAST" ParameterType="M-0004_A-9010-11-ECA3-O000A_PT-BroadcastHandling" Text="   Broadcasttelegramme" SuffixText="" Access="None" Value="0">
                <Property ObjectType="6" PropertyId="52" Offset="0" BitOffset="4" />
              </Parameter>
              <Parameter Id="M-0004_A-9010-11-ECA3-O000A_P-18" Name="SUB_LCCONFIG_BROADCAST" ParameterType="M-0004_A-9010-11-ECA3-O000A_PT-BroadcastHandling" Text="   Broadcasttelegramme" SuffixText="" Access="None" Value="0">
                <Property ObjectType="6" PropertyId="53" Offset="0" BitOffset="4" />
              </Parameter>
              <Parameter Id="M-0004_A-9010-11-ECA3-O000A_P-20" Name="COUPL_SERV_CNTRL_SNA_INCONSISTANCY_CHECK" ParameterType="M-0004_A-9010-11-ECA3-O000A_PT-Enable.5FDisable" Text="COUPL_SERV_CNTRL_SNA_&#xD;&#xA;INCONSISTANCY_CHECK" SuffixText="" Access="None" Value="0">
                <Property ObjectType="6" PropertyId="57" Offset="0" BitOffset="7" />
              </Parameter>
              <Parameter Id="M-0004_A-9010-11-ECA3-O000A_P-19" Name="COUPL_SERV_CNTRL_SNA_HEARTBEAT" ParameterType="M-0004_A-9010-11-ECA3-O000A_PT-Enable.5FDisable" Text="COUPL_SERV_CNTRL_SNA_HEARTBEAT" SuffixText="" Access="None" Value="0">
                <Property ObjectType="6" PropertyId="57" Offset="0" BitOffset="6" />
              </Parameter>
              <Parameter Id="M-0004_A-9010-11-ECA3-O000A_P-21" Name="COUPL_SERV_CNTRL_SNA_UPDATE_WRITE" ParameterType="M-0004_A-9010-11-ECA3-O000A_PT-Enable.5FDisable" Text="COUPL_SERV_CNTRL_SNA_UPDATE_WRITE" SuffixText="" Access="None" Value="0">
                <Property ObjectType="6" PropertyId="57" Offset="0" BitOffset="5" />
              </Parameter>
              <Parameter Id="M-0004_A-9010-11-ECA3-O000A_P-22" Name="COUPL_SERV_CNTRL_SNA_READ" ParameterType="M-0004_A-9010-11-ECA3-O000A_PT-Enable.5FDisable" Text="COUPL_SERV_CNTRL_SNA_READ" SuffixText="" Access="None" Value="0">
                <Property ObjectType="6" PropertyId="57" Offset="0" BitOffset="4" />
              </Parameter>
              <Parameter Id="M-0004_A-9010-11-ECA3-O000A_P-23" Name="COUPL_SERV_CNTRL_SUBLINE_STATUS" ParameterType="M-0004_A-9010-11-ECA3-O000A_PT-Enable.5FDisable" Text="COUPL_SERV_CNTRL_SUBLINE_STATUS" SuffixText="" Access="None" Value="0">
                <Property ObjectType="6" PropertyId="57" Offset="0" BitOffset="3" />
              </Parameter>
              <Parameter Id="M-0004_A-9010-11-ECA3-O000A_P-24" Name="LTE_ROUTESELECT_MAIN" ParameterType="M-0004_A-9010-11-ECA3-O000A_PT-LTEHandling" Text="LTE_ROUTESELECT_MAIN" SuffixText="" Access="None" Value="3">
                <Property ObjectType="6" PropertyId="51" Offset="0" BitOffset="2" />
              </Parameter>
              <Parameter Id="M-0004_A-9010-11-ECA3-O000A_P-25" Name="LTE_ROUTESELECT_SUB" ParameterType="M-0004_A-9010-11-ECA3-O000A_PT-LTEHandling" Text="LTE_ROUTESELECT_SUB" SuffixText="" Access="None" Value="3">
                <Property ObjectType="6" PropertyId="51" Offset="0" BitOffset="6" />
              </Parameter>
              <Parameter Id="M-0004_A-9010-11-ECA3-O000A_P-26" Name="Funktion" ParameterType="M-0004_A-9010-11-ECA3-O000A_PT-Funktion" Text="Fonction comme" SuffixText="" Value="0" />
              <Union SizeInBit="2">
                <Property ObjectType="6" PropertyId="53" Offset="0" BitOffset="0" />
                <Parameter Id="M-0004_A-9010-11-ECA3-O000A_UP-27" Name="SUB_LCCONFIG_PHY_ACK_2" ParameterType="M-0004_A-9010-11-ECA3-O000A_PT-Acknowledge.5FPhy.5F2" Offset="0" BitOffset="0" Text="   Télégrammes adressés physiquement" Value="1" />
                <Parameter Id="M-0004_A-9010-11-ECA3-O000A_UP-13" Name="SUB_LCCONFIG_PHY_ACK" ParameterType="M-0004_A-9010-11-ECA3-O000A_PT-Acknowledge.5FPhy" Offset="0" BitOffset="0" Text="   Télégrammes adressés physiquement" Value="1" />
              </Union>
            </Parameters>
            <ParameterRefs>
              <ParameterRef Id="M-0004_A-9010-11-ECA3-O000A_P-1_R-1" RefId="M-0004_A-9010-11-ECA3-O000A_P-1" />
              <ParameterRef Id="M-0004_A-9010-11-ECA3-O000A_P-2_R-2" RefId="M-0004_A-9010-11-ECA3-O000A_P-2" />
              <ParameterRef Id="M-0004_A-9010-11-ECA3-O000A_P-3_R-3" RefId="M-0004_A-9010-11-ECA3-O000A_P-3" />
              <ParameterRef Id="M-0004_A-9010-11-ECA3-O000A_P-4_R-4" RefId="M-0004_A-9010-11-ECA3-O000A_P-4" />
              <ParameterRef Id="M-0004_A-9010-11-ECA3-O000A_P-5_R-5" RefId="M-0004_A-9010-11-ECA3-O000A_P-5" />
              <ParameterRef Id="M-0004_A-9010-11-ECA3-O000A_P-6_R-6" RefId="M-0004_A-9010-11-ECA3-O000A_P-6" />
              <ParameterRef Id="M-0004_A-9010-11-ECA3-O000A_P-7_R-7" RefId="M-0004_A-9010-11-ECA3-O000A_P-7" />
              <ParameterRef Id="M-0004_A-9010-11-ECA3-O000A_P-8_R-8" RefId="M-0004_A-9010-11-ECA3-O000A_P-8" />
              <ParameterRef Id="M-0004_A-9010-11-ECA3-O000A_P-10_R-10" RefId="M-0004_A-9010-11-ECA3-O000A_P-10" />
              <ParameterRef Id="M-0004_A-9010-11-ECA3-O000A_P-9_R-9" RefId="M-0004_A-9010-11-ECA3-O000A_P-9" />
              <ParameterRef Id="M-0004_A-9010-11-ECA3-O000A_P-12_R-12" RefId="M-0004_A-9010-11-ECA3-O000A_P-12" />
              <ParameterRef Id="M-0004_A-9010-11-ECA3-O000A_P-11_R-11" RefId="M-0004_A-9010-11-ECA3-O000A_P-11" />
              <ParameterRef Id="M-0004_A-9010-11-ECA3-O000A_P-14_R-13" RefId="M-0004_A-9010-11-ECA3-O000A_P-14" />
              <ParameterRef Id="M-0004_A-9010-11-ECA3-O000A_UP-13_R-14" RefId="M-0004_A-9010-11-ECA3-O000A_UP-13" />
              <ParameterRef Id="M-0004_A-9010-11-ECA3-O000A_P-17_R-17" RefId="M-0004_A-9010-11-ECA3-O000A_P-17" />
              <ParameterRef Id="M-0004_A-9010-11-ECA3-O000A_P-16_R-15" RefId="M-0004_A-9010-11-ECA3-O000A_P-16" />
              <ParameterRef Id="M-0004_A-9010-11-ECA3-O000A_P-18_R-18" RefId="M-0004_A-9010-11-ECA3-O000A_P-18" />
              <ParameterRef Id="M-0004_A-9010-11-ECA3-O000A_P-15_R-16" RefId="M-0004_A-9010-11-ECA3-O000A_P-15" />
              <ParameterRef Id="M-0004_A-9010-11-ECA3-O000A_P-20_R-19" RefId="M-0004_A-9010-11-ECA3-O000A_P-20" />
              <ParameterRef Id="M-0004_A-9010-11-ECA3-O000A_P-19_R-20" RefId="M-0004_A-9010-11-ECA3-O000A_P-19" />
              <ParameterRef Id="M-0004_A-9010-11-ECA3-O000A_P-21_R-21" RefId="M-0004_A-9010-11-ECA3-O000A_P-21" />
              <ParameterRef Id="M-0004_A-9010-11-ECA3-O000A_P-22_R-22" RefId="M-0004_A-9010-11-ECA3-O000A_P-22" />
              <ParameterRef Id="M-0004_A-9010-11-ECA3-O000A_P-23_R-23" RefId="M-0004_A-9010-11-ECA3-O000A_P-23" />
              <ParameterRef Id="M-0004_A-9010-11-ECA3-O000A_P-24_R-24" RefId="M-0004_A-9010-11-ECA3-O000A_P-24" />
              <ParameterRef Id="M-0004_A-9010-11-ECA3-O000A_P-25_R-25" RefId="M-0004_A-9010-11-ECA3-O000A_P-25" />
              <ParameterRef Id="M-0004_A-9010-11-ECA3-O000A_P-26_R-26" RefId="M-0004_A-9010-11-ECA3-O000A_P-26" />
              <ParameterRef Id="M-0004_A-9010-11-ECA3-O000A_P-1_R-27" RefId="M-0004_A-9010-11-ECA3-O000A_P-1" Access="None" Value="1" />
              <ParameterRef Id="M-0004_A-9010-11-ECA3-O000A_P-2_R-28" RefId="M-0004_A-9010-11-ECA3-O000A_P-2" Access="None" Value="1" />
              <ParameterRef Id="M-0004_A-9010-11-ECA3-O000A_P-17_R-30" RefId="M-0004_A-9010-11-ECA3-O000A_P-17" Access="None" />
              <ParameterRef Id="M-0004_A-9010-11-ECA3-O000A_P-16_R-32" RefId="M-0004_A-9010-11-ECA3-O000A_P-16" Access="None" />
              <ParameterRef Id="M-0004_A-9010-11-ECA3-O000A_P-6_R-29" RefId="M-0004_A-9010-11-ECA3-O000A_P-6" Access="None" Value="1" />
              <ParameterRef Id="M-0004_A-9010-11-ECA3-O000A_P-5_R-34" RefId="M-0004_A-9010-11-ECA3-O000A_P-5" Access="None" Value="1" />
              <ParameterRef Id="M-0004_A-9010-11-ECA3-O000A_P-18_R-31" RefId="M-0004_A-9010-11-ECA3-O000A_P-18" Access="None" />
              <ParameterRef Id="M-0004_A-9010-11-ECA3-O000A_P-15_R-33" RefId="M-0004_A-9010-11-ECA3-O000A_P-15" Access="None" />
              <ParameterRef Id="M-0004_A-9010-11-ECA3-O000A_P-8_R-35" RefId="M-0004_A-9010-11-ECA3-O000A_P-8" Value="0" />
              <ParameterRef Id="M-0004_A-9010-11-ECA3-O000A_P-9_R-36" RefId="M-0004_A-9010-11-ECA3-O000A_P-9" Value="0" />
              <ParameterRef Id="M-0004_A-9010-11-ECA3-O000A_P-11_R-37" RefId="M-0004_A-9010-11-ECA3-O000A_P-11" Access="None" />
              <ParameterRef Id="M-0004_A-9010-11-ECA3-O000A_P-12_R-40" RefId="M-0004_A-9010-11-ECA3-O000A_P-12" Access="None" />
              <ParameterRef Id="M-0004_A-9010-11-ECA3-O000A_P-14_R-38" RefId="M-0004_A-9010-11-ECA3-O000A_P-14" Access="None" />
              <ParameterRef Id="M-0004_A-9010-11-ECA3-O000A_UP-13_R-39" RefId="M-0004_A-9010-11-ECA3-O000A_UP-13" Access="None" />
              <ParameterRef Id="M-0004_A-9010-11-ECA3-O000A_UP-27_R-41" RefId="M-0004_A-9010-11-ECA3-O000A_UP-27" />
            </ParameterRefs>
            <Options LineCoupler0912NewProgrammingStyle="true" DownloadInvisibleParameters="Background" />
          </Static>
          <Dynamic>
            <ChannelIndependentBlock>
              <ParameterBlock Id="M-0004_A-9010-11-ECA3-O000A_PB-1" Name="CONFIGURATION" Text="Configuration">
                <ParameterRefRef RefId="M-0004_A-9010-11-ECA3-O000A_P-26_R-26" />
              </ParameterBlock>
              <ParameterBlock Id="M-0004_A-9010-11-ECA3-O000A_PB-2" Name="CHOICE" Text="Sélection">
                <choose ParamRefId="M-0004_A-9010-11-ECA3-O000A_P-26_R-26">
                  <when test="0">
                    <ParameterSeparator Id="M-0004_A-9010-11-ECA3-O000A_PS-3" Text="Télégrammes de ligne principale -&gt; Ligne" />
                    <ParameterRefRef RefId="M-0004_A-9010-11-ECA3-O000A_P-1_R-1" />
                    <ParameterRefRef RefId="M-0004_A-9010-11-ECA3-O000A_P-2_R-2" />
                    <ParameterRefRef RefId="M-0004_A-9010-11-ECA3-O000A_P-17_R-17" />
                    <ParameterRefRef RefId="M-0004_A-9010-11-ECA3-O000A_P-16_R-15" />
                    <ParameterSeparator Id="M-0004_A-9010-11-ECA3-O000A_PS-4" Text="   &#xD;&#xA;Télégrammes de ligne -&gt; Ligne principale" />
                    <ParameterRefRef RefId="M-0004_A-9010-11-ECA3-O000A_P-6_R-6" />
                    <ParameterRefRef RefId="M-0004_A-9010-11-ECA3-O000A_P-5_R-5" />
                    <ParameterRefRef RefId="M-0004_A-9010-11-ECA3-O000A_P-18_R-18" />
                    <ParameterRefRef RefId="M-0004_A-9010-11-ECA3-O000A_P-15_R-16" />
                    <ParameterSeparator Id="M-0004_A-9010-11-ECA3-O000A_PS-1" Text="" UIHint="HorizontalRuler" />
                    <ParameterSeparator Id="M-0004_A-9010-11-ECA3-O000A_PS-5" Text="Répétitions pour les erreurs de transmission" />
                    <ParameterRefRef RefId="M-0004_A-9010-11-ECA3-O000A_P-3_R-3" />
                    <ParameterRefRef RefId="M-0004_A-9010-11-ECA3-O000A_P-7_R-7" />
                    <ParameterRefRef RefId="M-0004_A-9010-11-ECA3-O000A_P-8_R-8" />
                    <ParameterRefRef RefId="M-0004_A-9010-11-ECA3-O000A_P-4_R-4" />
                    <ParameterRefRef RefId="M-0004_A-9010-11-ECA3-O000A_P-10_R-10" />
                    <ParameterRefRef RefId="M-0004_A-9010-11-ECA3-O000A_P-9_R-9" />
                    <ParameterSeparator Id="M-0004_A-9010-11-ECA3-O000A_PS-2" Text="" UIHint="HorizontalRuler" />
                    <ParameterSeparator Id="M-0004_A-9010-11-ECA3-O000A_PS-6" Text="Confirmation de télégramme de ligne principale" />
                    <ParameterRefRef RefId="M-0004_A-9010-11-ECA3-O000A_P-11_R-11" />
                    <ParameterRefRef RefId="M-0004_A-9010-11-ECA3-O000A_P-12_R-12" />
                    <ParameterSeparator Id="M-0004_A-9010-11-ECA3-O000A_PS-7" Text="Confirmation de télégramme de ligne" />
                    <ParameterRefRef RefId="M-0004_A-9010-11-ECA3-O000A_P-14_R-13" />
                    <choose ParamRefId="M-0004_A-9010-11-ECA3-O000A_P-12_R-12">
                      <when test="1 2">
                        <ParameterRefRef RefId="M-0004_A-9010-11-ECA3-O000A_UP-13_R-14" />
                      </when>
                      <when test="3">
                        <ParameterRefRef RefId="M-0004_A-9010-11-ECA3-O000A_UP-27_R-41" />
                      </when>
                    </choose>
                  </when>
                  <when test="1">
                    <ParameterSeparator Id="M-0004_A-9010-11-ECA3-O000A_PS-8" Text="Télégrammes de ligne principale -&gt; Ligne" Access="None" />
                    <ParameterRefRef RefId="M-0004_A-9010-11-ECA3-O000A_P-1_R-27" />
                    <ParameterRefRef RefId="M-0004_A-9010-11-ECA3-O000A_P-2_R-28" />
                    <ParameterRefRef RefId="M-0004_A-9010-11-ECA3-O000A_P-17_R-30" />
                    <ParameterRefRef RefId="M-0004_A-9010-11-ECA3-O000A_P-16_R-32" />
                    <ParameterSeparator Id="M-0004_A-9010-11-ECA3-O000A_PS-9" Text="   &#xD;&#xA;Télégrammes de ligne -&gt; Ligne principale" Access="None" />
                    <ParameterRefRef RefId="M-0004_A-9010-11-ECA3-O000A_P-6_R-29" />
                    <ParameterRefRef RefId="M-0004_A-9010-11-ECA3-O000A_P-5_R-34" />
                    <ParameterRefRef RefId="M-0004_A-9010-11-ECA3-O000A_P-18_R-31" />
                    <ParameterRefRef RefId="M-0004_A-9010-11-ECA3-O000A_P-15_R-33" />
                    <ParameterSeparator Id="M-0004_A-9010-11-ECA3-O000A_PS-10" Text="" Access="None" UIHint="HorizontalRuler" />
                    <ParameterSeparator Id="M-0004_A-9010-11-ECA3-O000A_PS-11" Text="Répétitions pour les erreurs de transmission" />
                    <ParameterRefRef RefId="M-0004_A-9010-11-ECA3-O000A_P-3_R-3" />
                    <ParameterRefRef RefId="M-0004_A-9010-11-ECA3-O000A_P-7_R-7" />
                    <ParameterRefRef RefId="M-0004_A-9010-11-ECA3-O000A_P-8_R-35" />
                    <ParameterRefRef RefId="M-0004_A-9010-11-ECA3-O000A_P-4_R-4" />
                    <ParameterRefRef RefId="M-0004_A-9010-11-ECA3-O000A_P-10_R-10" />
                    <ParameterRefRef RefId="M-0004_A-9010-11-ECA3-O000A_P-9_R-36" />
                    <ParameterSeparator Id="M-0004_A-9010-11-ECA3-O000A_PS-12" Text="" Access="None" UIHint="HorizontalRuler" />
                    <ParameterSeparator Id="M-0004_A-9010-11-ECA3-O000A_PS-13" Text="Confirmation de télégramme de ligne principale" Access="None" />
                    <ParameterRefRef RefId="M-0004_A-9010-11-ECA3-O000A_P-11_R-37" />
                    <ParameterRefRef RefId="M-0004_A-9010-11-ECA3-O000A_P-12_R-40" />
                    <ParameterSeparator Id="M-0004_A-9010-11-ECA3-O000A_PS-14" Text="Confirmation de télégramme de ligne" Access="None" />
                    <ParameterRefRef RefId="M-0004_A-9010-11-ECA3-O000A_P-14_R-38" />
                    <ParameterRefRef RefId="M-0004_A-9010-11-ECA3-O000A_UP-13_R-39" />
                  </when>
                </choose>
              </ParameterBlock>
              <ParameterBlock Id="M-0004_A-9010-11-ECA3-O000A_PB-4" Name="SERV_CNTRL" Text="SERV_CNTRL" Access="None">
                <ParameterRefRef RefId="M-0004_A-9010-11-ECA3-O000A_P-20_R-19" />
                <ParameterRefRef RefId="M-0004_A-9010-11-ECA3-O000A_P-19_R-20" />
                <ParameterRefRef RefId="M-0004_A-9010-11-ECA3-O000A_P-21_R-21" />
                <ParameterRefRef RefId="M-0004_A-9010-11-ECA3-O000A_P-22_R-22" />
                <ParameterRefRef RefId="M-0004_A-9010-11-ECA3-O000A_P-23_R-23" />
              </ParameterBlock>
              <ParameterBlock Id="M-0004_A-9010-11-ECA3-O000A_PB-3" Name="LTE" Text="LTE" Access="None">
                <ParameterRefRef RefId="M-0004_A-9010-11-ECA3-O000A_P-24_R-24" />
                <ParameterRefRef RefId="M-0004_A-9010-11-ECA3-O000A_P-25_R-25" />
              </ParameterBlock>
            </ChannelIndependentBlock>
          </Dynamic>
        </ApplicationProgram>
      </ApplicationPrograms>
      <Languages>
        <Language Identifier="fr-FR">
          <TranslationUnit RefId="M-0004_A-9010-11-ECA3-O000A">
            <TranslationElement RefId="M-0004_A-9010-11-ECA3-O000A_PS-4">
              <Translation AttributeName="Text" Text="   &#xD;&#xA;Télégrammes de ligne -&gt; Ligne principale" />
            </TranslationElement>
            <TranslationElement RefId="M-0004_A-9010-11-ECA3-O000A_PS-9">
              <Translation AttributeName="Text" Text="   &#xD;&#xA;Télégrammes de ligne -&gt; Ligne principale" />
            </TranslationElement>
            <TranslationElement RefId="M-0004_A-9010-11-ECA3-O000A_P-7">
              <Translation AttributeName="Text" Text="   pour les télégrammes Broadcast&#xD;&#xA;   sur la ligne supérieure" />
            </TranslationElement>
            <TranslationElement RefId="M-0004_A-9010-11-ECA3-O000A_P-10">
              <Translation AttributeName="Text" Text="   pour les télégrammes Broadcast&#xD;&#xA;   sur la ligne inférieure" />
            </TranslationElement>
            <TranslationElement RefId="M-0004_A-9010-11-ECA3-O000A_P-3">
              <Translation AttributeName="Text" Text="   pour les télégrammes de groupes&#xD;&#xA;   sur la ligne supérieure" />
            </TranslationElement>
            <TranslationElement RefId="M-0004_A-9010-11-ECA3-O000A_P-4">
              <Translation AttributeName="Text" Text="   pour les télégrammes de groupes&#xD;&#xA;   sur la ligne inférieure" />
            </TranslationElement>
            <TranslationElement RefId="M-0004_A-9010-11-ECA3-O000A_P-8">
              <Translation AttributeName="Text" Text="   pour les télégrammes adressés physiquement&#xD;&#xA;   sur la ligne supérieure" />
            </TranslationElement>
            <TranslationElement RefId="M-0004_A-9010-11-ECA3-O000A_P-9">
              <Translation AttributeName="Text" Text="   pour les télégrammes adressés physiquement&#xD;&#xA;   sur la ligne inférieure" />
            </TranslationElement>
            <TranslationElement RefId="M-0004_A-9010-11-ECA3-O000A_P-11">
              <Translation AttributeName="Text" Text="   Télégrammes de groupes" />
            </TranslationElement>
            <TranslationElement RefId="M-0004_A-9010-11-ECA3-O000A_P-14">
              <Translation AttributeName="Text" Text="   Télégrammes de groupes" />
            </TranslationElement>
            <TranslationElement RefId="M-0004_A-9010-11-ECA3-O000A_P-1">
              <Translation AttributeName="Text" Text="   Télégrammes de groupes&#xD;&#xA;   Groupes 0-13" />
            </TranslationElement>
            <TranslationElement RefId="M-0004_A-9010-11-ECA3-O000A_P-6">
              <Translation AttributeName="Text" Text="   Télégrammes de groupes&#xD;&#xA;   Groupes 0-13" />
            </TranslationElement>
            <TranslationElement RefId="M-0004_A-9010-11-ECA3-O000A_P-2">
              <Translation AttributeName="Text" Text="   Télégrammes de groupes&#xD;&#xA;   Groupes 14-31" />
            </TranslationElement>
            <TranslationElement RefId="M-0004_A-9010-11-ECA3-O000A_P-5">
              <Translation AttributeName="Text" Text="   Télégrammes de groupes&#xD;&#xA;   Groupes 14-31" />
            </TranslationElement>
            <TranslationElement RefId="M-0004_A-9010-11-ECA3-O000A_P-12">
              <Translation AttributeName="Text" Text="   Télégrammes adressés physiquement" />
            </TranslationElement>
            <TranslationElement RefId="M-0004_A-9010-11-ECA3-O000A_UP-27">
              <Translation AttributeName="Text" Text="   Télégrammes adressés physiquement" />
            </TranslationElement>
            <TranslationElement RefId="M-0004_A-9010-11-ECA3-O000A_UP-13">
              <Translation AttributeName="Text" Text="   Télégrammes adressés physiquement" />
            </TranslationElement>
            <TranslationElement RefId="M-0004_A-9010-11-ECA3-O000A_P-16">
              <Translation AttributeName="Text" Text="   Télégrammes adressé(s)&#xD;&#xA;   physiquement" />
            </TranslationElement>
            <TranslationElement RefId="M-0004_A-9010-11-ECA3-O000A_P-15">
              <Translation AttributeName="Text" Text="   Télégrammes adressé(s)&#xD;&#xA;   physiquement" />
            </TranslationElement>
            <TranslationElement RefId="M-0004_A-9010-11-ECA3-O000A_PB-2">
              <Translation AttributeName="Text" Text="Sélection" />
            </TranslationElement>
            <TranslationElement RefId="M-0004_A-9010-11-ECA3-O000A_PT-Funktion_EN-0">
              <Translation AttributeName="Text" Text="Coupleur de zones / lignes" />
            </TranslationElement>
            <TranslationElement RefId="M-0004_A-9010-11-ECA3-O000A_PT-GroupHandling_EN-3">
              <Translation AttributeName="Text" Text="filtrer" />
            </TranslationElement>
            <TranslationElement RefId="M-0004_A-9010-11-ECA3-O000A_PT-PhyHandling_EN-3">
              <Translation AttributeName="Text" Text="filtrer (en fonction de l'adresse cible &amp; de l'adresse du coupleur)" />
            </TranslationElement>
            <TranslationElement RefId="M-0004_A-9010-11-ECA3-O000A_PT-LTEHandling_EN-3">
              <Translation AttributeName="Text" Text="filtrer (LTE routing table)" />
            </TranslationElement>
            <TranslationElement RefId="M-0004_A-9010-11-ECA3-O000A_PT-Enable.5FDisable_EN-1">
              <Translation AttributeName="Text" Text="autoriser" />
            </TranslationElement>
            <TranslationElement RefId="M-0004_A-9010-11-ECA3-O000A_P-26">
              <Translation AttributeName="Text" Text="Fonction comme" />
            </TranslationElement>
            <TranslationElement RefId="M-0004_A-9010-11-ECA3-O000A_PT-Enable.5FDisable_EN-0">
              <Translation AttributeName="Text" Text="verrouillé" />
            </TranslationElement>
            <TranslationElement RefId="M-0004_A-9010-11-ECA3-O000A_PT-Acknowledge.5FGroup_EN-0">
              <Translation AttributeName="Text" Text="toujours" />
            </TranslationElement>
            <TranslationElement RefId="M-0004_A-9010-11-ECA3-O000A_PT-Acknowledge.5FPhy_EN-2">
              <Translation AttributeName="Text" Text="toujours" />
            </TranslationElement>
            <TranslationElement RefId="M-0004_A-9010-11-ECA3-O000A_PT-Acknowledge.5FPhy.5F2_EN-2">
              <Translation AttributeName="Text" Text="toujours" />
            </TranslationElement>
            <TranslationElement RefId="M-0004_A-9010-11-ECA3-O000A_PT-Acknowledge.5FPhy_EN-3">
              <Translation AttributeName="Text" Text="toujours refuser (NACK) !" />
            </TranslationElement>
            <TranslationElement RefId="M-0004_A-9010-11-ECA3-O000A_PT-LTEHandling_EN-1">
              <Translation AttributeName="Text" Text="toujours transférer" />
            </TranslationElement>
            <TranslationElement RefId="M-0004_A-9010-11-ECA3-O000A_PT-Yes.5FNo_EN-1">
              <Translation AttributeName="Text" Text="oui" />
            </TranslationElement>
            <TranslationElement RefId="M-0004_A-9010-11-ECA3-O000A_PB-1">
              <Translation AttributeName="Text" Text="Configuration" />
            </TranslationElement>
            <TranslationElement RefId="M-0004_A-9010-11-ECA3-O000A">
              <Translation AttributeName="Name" Text="Coupleur/amplificateur 901011" />
            </TranslationElement>
            <TranslationElement RefId="M-0004_A-9010-11-ECA3-O000A_PB-3">
              <Translation AttributeName="Text" Text="LTE" />
            </TranslationElement>
            <TranslationElement RefId="M-0004_A-9010-11-ECA3-O000A_PT-Yes.5FNo_EN-0">
              <Translation AttributeName="Text" Text="non" />
            </TranslationElement>
            <TranslationElement RefId="M-0004_A-9010-11-ECA3-O000A_PT-Acknowledge.5FGroup_EN-1">
              <Translation AttributeName="Text" Text="uniquement en cas de transfert" />
            </TranslationElement>
            <TranslationElement RefId="M-0004_A-9010-11-ECA3-O000A_PT-Acknowledge.5FPhy_EN-1">
              <Translation AttributeName="Text" Text="uniquement en cas de transfert" />
            </TranslationElement>
            <TranslationElement RefId="M-0004_A-9010-11-ECA3-O000A_PT-Acknowledge.5FPhy.5F2_EN-1">
              <Translation AttributeName="Text" Text="uniquement en cas de transfert" />
            </TranslationElement>
            <TranslationElement RefId="M-0004_A-9010-11-ECA3-O000A_PB-4">
              <Translation AttributeName="Text" Text="SERV_CNTRL" />
            </TranslationElement>
            <TranslationElement RefId="M-0004_A-9010-11-ECA3-O000A_PT-GroupHandling_EN-2">
              <Translation AttributeName="Text" Text="blocage" />
            </TranslationElement>
            <TranslationElement RefId="M-0004_A-9010-11-ECA3-O000A_PT-PhyHandling_EN-2">
              <Translation AttributeName="Text" Text="blocage" />
            </TranslationElement>
            <TranslationElement RefId="M-0004_A-9010-11-ECA3-O000A_PT-BroadcastHandling_EN-1">
              <Translation AttributeName="Text" Text="blocage" />
            </TranslationElement>
            <TranslationElement RefId="M-0004_A-9010-11-ECA3-O000A_PT-LTEHandling_EN-2">
              <Translation AttributeName="Text" Text="blocage" />
            </TranslationElement>
            <TranslationElement RefId="M-0004_A-9010-11-ECA3-O000A_PS-6">
              <Translation AttributeName="Text" Text="Confirmation de télégramme de ligne principale" />
            </TranslationElement>
            <TranslationElement RefId="M-0004_A-9010-11-ECA3-O000A_PS-13">
              <Translation AttributeName="Text" Text="Confirmation de télégramme de ligne principale" />
            </TranslationElement>
            <TranslationElement RefId="M-0004_A-9010-11-ECA3-O000A_PS-7">
              <Translation AttributeName="Text" Text="Confirmation de télégramme de ligne" />
            </TranslationElement>
            <TranslationElement RefId="M-0004_A-9010-11-ECA3-O000A_PS-14">
              <Translation AttributeName="Text" Text="Confirmation de télégramme de ligne" />
            </TranslationElement>
            <TranslationElement RefId="M-0004_A-9010-11-ECA3-O000A_PS-3">
              <Translation AttributeName="Text" Text="Télégrammes de ligne principale -&gt; Ligne" />
            </TranslationElement>
            <TranslationElement RefId="M-0004_A-9010-11-ECA3-O000A_PS-8">
              <Translation AttributeName="Text" Text="Télégrammes de ligne principale -&gt; Ligne" />
            </TranslationElement>
            <TranslationElement RefId="M-0004_A-9010-11-ECA3-O000A_PT-GroupHandling_EN-1">
              <Translation AttributeName="Text" Text="transférer sans filtre" />
            </TranslationElement>
            <TranslationElement RefId="M-0004_A-9010-11-ECA3-O000A_PT-PhyHandling_EN-1">
              <Translation AttributeName="Text" Text="transférer sans filtre" />
            </TranslationElement>
            <TranslationElement RefId="M-0004_A-9010-11-ECA3-O000A_PT-BroadcastHandling_EN-0">
              <Translation AttributeName="Text" Text="transférer sans filtre" />
            </TranslationElement>
            <TranslationElement RefId="M-0004_A-9010-11-ECA3-O000A_PT-Funktion_EN-1">
              <Translation AttributeName="Text" Text="Amplificateur" />
            </TranslationElement>
            <TranslationElement RefId="M-0004_A-9010-11-ECA3-O000A_PS-5">
              <Translation AttributeName="Text" Text="Répétitions pour les erreurs de transmission" />
            </TranslationElement>
            <TranslationElement RefId="M-0004_A-9010-11-ECA3-O000A_PS-11">
              <Translation AttributeName="Text" Text="Répétitions pour les erreurs de transmission" />
            </TranslationElement>
          </TranslationUnit>
        </Language>
      </Languages>
    </Manufacturer>
  </ManufacturerData>
</KNX>