﻿<?xml version="1.0" encoding="utf-8"?>
<KNX xmlns:xsi="http://www.w3.org/2001/XMLSchema-instance" xmlns:xsd="http://www.w3.org/2001/XMLSchema" CreatedBy="ETS5" ToolVersion="5.7.1428.39779" xmlns="http://knx.org/xml/project/20">
  <ManufacturerData>
    <Manufacturer RefId="M-00E8">
      <Catalog>
        <CatalogSection Id="M-00E8_CS-P.20001" Name="Präsenzmelder" Number="P 001" VisibleDescription="" DefaultLanguage="de-DE">
          <CatalogSection Id="M-00E8_CS-P.20001-E.20001" Name="ECO-IR" Number="E 001" VisibleDescription="" DefaultLanguage="de-DE">
            <CatalogItem Id="M-00E8_H-20360025-1_HP-0003-11-78FF_CI-202.209.20201-1" Name="ECO-IR 360EIB-AC" Number="1" ProductRefId="M-00E8_H-20360025-1_P-202.209.20201" Hardware2ProgramRefId="M-00E8_H-20360025-1_HP-0003-11-78FF" DefaultLanguage="de-DE" />
          </CatalogSection>
        </CatalogSection>
      </Catalog>
      <Languages>
        <Language Identifier="fr-FR">
          <TranslationUnit RefId="M-00E8_CS-P.20001">
            <TranslationElement RefId="M-00E8_CS-P.20001">
              <Translation AttributeName="Name" Text="Détecteur de présence" />
            </TranslationElement>
          </TranslationUnit>
          <TranslationUnit RefId="M-00E8_CS-P.20001-E.20001">
            <TranslationElement RefId="M-00E8_CS-P.20001-E.20001">
              <Translation AttributeName="Name" Text="ECO-IR" />
            </TranslationElement>
          </TranslationUnit>
          <TranslationUnit RefId="M-00E8_H-20360025-1_HP-0003-11-78FF_CI-202.209.20201-1">
            <TranslationElement RefId="M-00E8_H-20360025-1_HP-0003-11-78FF_CI-202.209.20201-1">
              <Translation AttributeName="Name" Text="ECO-IR 360EIB-AC" />
            </TranslationElement>
          </TranslationUnit>
        </Language>
      </Languages>
    </Manufacturer>
  </ManufacturerData>
</KNX>