﻿<?xml version="1.0" encoding="utf-8"?>
<KNX xmlns:xsi="http://www.w3.org/2001/XMLSchema-instance" xmlns:xsd="http://www.w3.org/2001/XMLSchema" CreatedBy="ETS5" ToolVersion="5.7.1428.39779" xmlns="http://knx.org/xml/project/20">
  <ManufacturerData>
    <Manufacturer RefId="M-00E8">
      <Hardware>
        <Hardware Id="M-00E8_H-20360025-1" Name="ECO-IR 360EIB-AC" SerialNumber="20360025" VersionNumber="1" BusCurrent="8" HasIndividualAddress="true" HasApplicationProgram="true" RFRxCapabilities="Ready" RFTxCapabilities="Ready">
          <Products>
            <Product Id="M-00E8_H-20360025-1_P-202.209.20201" Text="ECO-IR 360EIB-AC" OrderNumber="202 9 201" IsRailMounted="false" DefaultLanguage="de-DE" Hash="6mWklu+cDbLUXKlq5AmKHBmkO4U=" />
          </Products>
          <Hardware2Programs>
            <Hardware2Program Id="M-00E8_H-20360025-1_HP-0003-11-78FF" MediumTypes="MT-0" Hash="JZv+mG8b7WOSCdfs0Nz1kuo9dl0=">
              <ApplicationProgramRef RefId="M-00E8_A-0003-11-78FF" />
              <RegistrationInfo RegistrationSignature="R6dF3kL4DKE6Vx4EOmB6bXyibHvatP8s+dR0sO33wrDO4UYngyDj9CAZXgWV1lNWiAGdMhtVPR40L70Rl8RuuDxdFUvz2/eVvmFtd+U6vOi4DxDqcO64dm7a58Jd7aRt5G1JvbGwI1yU04qt91ShwRNUfNW/Jnyxr7LkbJe8EaM=" OriginalRegistrationNumber="1900/0" RegistrationNumber="2000/4349" RegistrationStatus="Certified" />
            </Hardware2Program>
          </Hardware2Programs>
        </Hardware>
      </Hardware>
      <Languages>
        <Language Identifier="fr-FR">
          <TranslationUnit RefId="M-00E8_H-20360025-1_P-202.209.20201">
            <TranslationElement RefId="M-00E8_H-20360025-1_P-202.209.20201">
              <Translation AttributeName="Text" Text="ECO-IR 360EIB-AC" />
            </TranslationElement>
          </TranslationUnit>
        </Language>
      </Languages>
    </Manufacturer>
  </ManufacturerData>
</KNX>